Unnamed: 0,track_id,artists,album_name,track_name,popularity,duration_ms,explicit,danceability,energy,key,loudness,mode,speechiness,acousticness,instrumentalness,liveness,valence,tempo,time_signature,track_genre,release_date,release_year,release_date_precision,status
113186,6KwkVtXm8OUp2XffN5k7lY,Hillsong Worship,No Other Name,No Other Name,50,440247,False,0.369,0.598,7,-6.984,1,0.0304,0.00511,0.0,0.176,0.0466,148.014,4,world-music,2014-07-01,2014,day,ok
42819,2dp5I5MJ8bQQHDoFaNRFtX,Internal Rot,Grieving Birth,Failed Organum,11,93933,False,0.171,0.997,7,-3.586,1,0.118,0.00521,0.801,0.42,0.0294,122.223,4,grindcore,2020-02-28,2020,day,ok
59311,5avw06usmFkFrPjX8NxC40,Zhoobin Askarieh;Ali Sasha,Noise A Noise 20.4-1,"Save the Trees, Pt. 1",0,213578,False,0.173,0.803,9,-10.071,0,0.144,0.613,0.00191,0.195,0.0887,75.564,3,iranian,2020-12-31,2020,day,ok
91368,75hT0hvlESnDJstem0JgyR,Bryan Adams,All I Want For Christmas Is You,Merry Christmas,0,151387,False,0.683,0.511,6,-5.598,1,0.0279,0.406,0.000197,0.111,0.598,109.991,3,rock,2022-10-18,2022,day,ok
61000,4bY2oZGA5Br3pTE1Jd1IfY,Nogizaka46,バレッタ TypeD,月の大きさ,57,236293,False,0.555,0.941,9,-3.294,0,0.0481,0.484,0.0,0.266,0.813,92.487,4,j-idol,2013-11-27,2013,day,ok
96815,2zQt5C0AIv27RhfJCRZdZ4,BaianaSystem,Duas Cidades,"Jah Jah Revolta, Pt. 2",38,309493,False,0.776,0.8,8,-4.704,0,0.0438,0.00631,0.0731,0.35,0.583,143.989,4,samba,2016-06-01,2016,day,ok
18939,6BctgCJXlgxYeR0ObhLdtR,Joe DeRosa,You Let Me Down,Please Stop Communicating,21,496201,False,0.627,0.815,6,-6.959,0,0.911,0.785,0.0,0.744,0.532,119.197,5,comedy,2017-02-07,2017,day,ok
72760,1LDQFdGTEXOnycDC8CJ5p1,Cane Hill,A Form of Protest,A Form of Protest,54,189405,False,0.395,0.933,11,-3.6,0,0.116,8.74e-06,0.0125,0.328,0.194,92.53,4,metalcore,2022-05-19,2022,day,ok
25788,2DDR5F7bHFJBiX6lPPsT8O,Kano,I'm Ready (Disco Mix - Original 12 Inch Version),I'm Ready - Radio Edit,29,209226,False,0.914,0.766,5,-5.662,1,0.0387,0.192,0.65,0.0747,0.9,126.632,4,disco,1980-02-27,1980,day,ok
87169,2ScU6iEvgb0TIuKiyem9rg,Charlie Brown Jr.,Acústico (Ao Vivo),Proibida Pra Mim (Grazon) - Ao Vivo,48,151666,False,0.345,0.976,8,-4.74,1,0.0487,0.000587,0.0507,0.487,0.818,181.121,4,r-n-b,2003-01-06,2003,day,ok
19261,4ifiz8TRTNdG9ORNWh2P0Q,Kacey Musgraves;Lana Del Rey,Jingle Bell Rock 2022,I'll Be Home For Christmas - From The Kacey Musgraves Christmas Show,0,132108,False,0.469,0.183,5,-15.414,1,0.0407,0.829,0.0,0.71,0.381,139.592,4,country,2022-10-07,2022,day,ok
62735,5xWxnLpw8ooMW1nJwY2hui,KIRINJI,J-Pop 輕旅行,時間がない,0,284160,False,0.772,0.675,11,-9.154,0,0.0366,0.124,0.0121,0.102,0.68,126.033,4,j-pop,2022-10-13,2022,day,ok
108051,3i2L1PRDEwWcUC03y95UPG,Aníbal Troilo Y Su Orquesta Típica;Roberto Goyeneche,15 Grandes Exitos - Los Discos De Oro De Roberto Goyeneche,Sur,28,237573,False,0.423,0.401,2,-11.219,0,0.0449,0.726,0.0,0.269,0.507,111.213,4,tango,1988-01-09,1988,day,ok
77161,46JGS5Gcz5TilUnqGGHnnl,Imaginasamba;Jojo Maronttinni,Antes e depois (Ao vivo),Pega pega (Participação especial de Jojo Maronttinni) - Ao vivo,50,222184,False,0.511,0.751,11,-4.731,1,0.0924,0.844,0.0,0.962,0.732,158.1,4,pagode,2019-07-12,2019,day,ok
115,5pq4v03P5PxMcnCagg4S3Z,Boyce Avenue,"Cover Sessions, Vol. 4",In Case You Didn’t Know,60,225165,False,0.633,0.299,11,-7.798,1,0.0353,0.833,0.0,0.109,0.341,147.549,4,acoustic,2017-12-19,2017,day,ok
87994,08HJeHs0U9iSbDWX0sWIem,Maria Bethânia,Noturno,O Sopro do Fole,41,169371,False,0.524,0.0856,9,-17.766,1,0.0999,0.739,0.0,0.0919,0.316,93.672,4,r-n-b,2021-07-29,2021,day,ok
96569,198v7BbjXn2GTeI4NkBN39,Mariene De Castro,Santo De Casa,Vi Mamãe Oxum Na Cachoeira - Live,39,105240,False,0.59,0.697,5,-8.046,1,0.0323,0.75,0.000163,0.621,0.815,126.911,4,samba,2010-01-01,2010,day,ok
49636,6bl8PFDgYxbDZHk0LRQhhz,Jebroer;Paul Elstak;The BeatKrusher,Me Gabber (DJ Paul Elstak & The BeatKrusher Remix),Me Gabber - DJ Paul Elstak & The BeatKrusher Remix,22,205351,False,0.553,0.928,7,-3.544,0,0.13,0.0251,0.0,0.171,0.305,160.044,4,hardstyle,2016-06-17,2016,day,ok
81212,0b11D9D0hMOYCIMN3OKreM,Witt Lowry;Ava Max,Into Your Arms (feat. Ava Max),Into Your Arms (feat. Ava Max),77,186022,True,0.504,0.788,3,-4.113,0,0.215,0.0134,0.0,0.363,0.228,170.039,4,pop,2018-06-08,2018,day,ok
88581,2pXg8l1JGZ3hCyFqxirV13,Lalo Ebratt;Trapical,Frescura y Perreo,Mocca,0,200293,False,0.786,0.696,1,-5.343,0,0.352,0.183,0.0,0.123,0.591,97.956,4,reggae,2022-10-07,2022,day,ok
71306,3dJj6o9o1fRgrojWjailuz,Linkin Park,One More Light,Nobody Can Save Me,61,225546,False,0.645,0.688,11,-4.749,1,0.0341,0.0107,0.0,0.186,0.433,139.957,4,metal,2017-05-19,2017,day,ok
31038,0rWLHJnMyJaMFA8x9l8AT0,Billie Eilish,Halloween Party 2022,all the good girls go to hell,3,168839,False,0.854,0.446,1,-8.957,0,0.198,0.313,0.215,0.156,0.57,92.545,4,electro,2022-10-17,2022,day,ok
17567,36kDrsAPQ62bI32WPrlJew,ZITH;Misanthropix,Machine Spirit,Machine Spirit,17,228571,False,0.643,0.956,1,-3.385,1,0.051,0.000458,0.78,0.228,0.515,104.99,4,club,2020-02-21,2020,day,ok
66388,0lASm1brReAnrOirk2f0a2,Christopher Zondaflex Tyler,Mr Chris Hip Hop Dance Moves,Bear Crawl,13,97620,False,0.738,0.499,1,-14.344,1,0.546,0.21,0.0,0.569,0.806,88.916,4,kids,2011-09-08,2011,day,ok
13741,1WhGXbgwPOTDPB4ZsJBIDG,Chip E.,Hotter Than House,Time To Jack,7,354960,False,0.813,0.863,1,-8.587,1,0.0563,0.00024,0.89,0.109,0.717,122.93,4,chicago-house,2009-04-01,2009,day,ok
60735,2xIbHYxBs1fiR4NkPc8z33,Tony Matterhorn,Jamaican Style,Ready fi di party,19,59600,False,0.911,0.616,1,-12.46,1,0.272,0.569,0.00795,0.154,0.467,120.999,4,j-dance,2007-09-11,2007,day,ok
90443,6NPTmYw2yMu0Oz0IJkoxeR,Los Tukas,10 de Colección,Mis Noches Te Recuerdan,33,134400,False,0.643,0.574,0,-5.427,1,0.035,0.583,0.0,0.0492,0.845,108.002,4,rock-n-roll,2007-03-20,2007,day,ok
21321,0Xs1Yh44j5cIgUQtOCBcQj,Apache Indian,Time For Change,Sometimes Love,3,242213,False,0.652,0.806,2,-3.875,0,0.0797,0.133,0.0,0.281,0.88,107.883,4,dancehall,2022-10-07,2022,day,ok
98693,5TcuM4sQFHK747kwB2q1Qy,Annaleigh Ashford,Sunday in the Park with George (2017 Broadway Cast Recording),Everybody Loves Louis,22,219333,False,0.521,0.189,1,-10.74,1,0.0478,0.892,0.0,0.0824,0.301,117.833,4,show-tunes,2017-09-22,2017,day,ok
3241,4bh9zPGpEX1yl9Do6rkhHr,Shinedown,Rock Brandneu,Planet Zero,0,222738,False,0.416,0.964,9,-2.967,1,0.112,2.35e-05,0.000875,0.473,0.212,157.925,4,alternative,2022-10-14,2022,day,ok
75306,7vk7u7kaqw5A6BtkfoxQf3,Yiruma,The Best - Reminiscent 10th Anniversary,Do You?,46,292906,False,0.435,0.101,7,-18.753,1,0.0487,0.992,0.926,0.101,0.222,107.449,4,new-age,2011-12-09,2011,day,ok
20362,72jbDTw1piOOj770jWNeaG,The Chainsmokers,Memories...Do Not Open,Paris,74,221506,False,0.653,0.658,2,-6.428,1,0.0304,0.0215,1.66e-06,0.0939,0.219,99.99,4,dance,2017-04-07,2017,day,ok
79860,4zD9RBG51Lj8bnQwolLnyu,OneRepublic,Human (Deluxe),Wild Life,45,267117,False,0.479,0.762,2,-7.86,1,0.0378,0.00711,0.011,0.0965,0.0519,115.956,4,piano,2021-08-27,2021,day,ok
109781,7MiYNyj5si5yiWyeSkgzqB,Joachim Pastor;Worakls,"Hungry Music Remix, Vol. 1",Joda - Worakls Remix,50,338086,False,0.757,0.678,3,-11.225,0,0.0323,0.0399,0.849,0.129,0.13,115.01,4,techno,2016-03-11,2016,day,ok
37587,6suU440DRXoxpLNKWf46XJ,Realidade Cruel,Dos Barracos de Maderite aos Palácios de Platina,O Resgate,48,415660,False,0.553,0.732,7,-5.206,0,0.262,0.622,0.0,0.163,0.436,152.59,4,funk,2007,2007,year,ok
89984,5ueWiIP0QQcAqbMutT1Ng0,Balbi El Chamako,La Vida Es Bela,La Mala,39,221184,True,0.628,0.787,10,-6.809,1,0.139,0.0059,0.0,0.124,0.377,172.045,4,reggaeton,2022-10-04,2022,day,ok
32674,49Z1VQivkHoY5KGdUwMv5i,RL Grime;Hex Cougar;fknsyd,Sable Valley Summer Vol. 3,Silo (feat. fknsyd),55,247500,False,0.472,0.933,5,-4.985,0,0.195,0.0632,0.367,0.0678,0.326,159.949,4,electronic,2022-09-02,2022,day,ok
81567,1WDDMw1k46OS4W2IGxmLzj,Feid,FELIZ CUMPLEAÑOS,Ferxxo 100,4,167760,False,0.705,0.562,8,-3.378,0,0.0674,0.257,0.0,0.137,0.569,163.893,4,pop,2022-10-06,2022,day,ok
66367,5tmcGYwmon8ufw9igbwwKk,Blake Rules;Netherfriends,Kids Trap 2,Making Music,13,146086,False,0.782,0.342,0,-15.203,1,0.0721,0.299,0.0237,0.103,0.345,115.018,4,kids,2018-01-05,2018,day,ok
90796,5Iqh58mh9xHzOkXNorHibJ,Estela Nuñez,Estela Nuñez... Sus Primeras E Inolvidables Grabaciones,Ruega por Mí (Prega Per Me),30,201493,False,0.494,0.404,0,-10.108,1,0.0299,0.847,0.0,0.122,0.386,96.387,3,rock-n-roll,2004-09-24,2004,day,ok
7020,5llrpUzc5oZ4U2RLruiDeI,Yonder Mountain String Band,"Mountain Tracks, Vol. 3",Holding,33,537106,False,0.472,0.702,9,-8.965,1,0.0981,0.82,4.25e-05,0.362,0.351,104.656,4,bluegrass,2004-03-12,2004,day,ok
58347,6jAoHpOWUd5dpBUy0PW7TR,VNV Nation,Judgement,The Farthest Star,25,292973,False,0.552,0.937,9,-6.738,0,0.0488,0.0232,0.00268,0.102,0.347,134.98,4,industrial,2007-04-12,2007,day,ok
8525,0LoQuiekvzqx7n8flgEKzF,T. Rex,Electric Warrior,Get It On,71,262613,False,0.728,0.878,11,-6.926,0,0.0564,0.176,0.856,0.61,0.911,126.59,4,blues,1971-09-24,1971,day,ok
108522,34XYMzu7cmqQjItV8mJ77m,Orquesta Color Tango De Roberto Alvarez,Tango a Pugliese Con estilo para bailar Vol. 3,Para dos,18,175046,False,0.633,0.219,9,-11.805,0,0.0887,0.72,0.692,0.113,0.537,118.814,4,tango,2005-03-22,2005,day,ok
37585,60an8Fb1pH1MniTxTlo2l9,Mc Bruninho da Praia;Mc Kadu;MC GP;Mc Lele JP,Bloco do Carro Chefe,Bloco do Carro Chefe,46,396000,False,0.818,0.486,4,-7.006,0,0.394,0.0996,0.0,0.0437,0.637,113.192,5,funk,2022-08-08,2022,day,ok
99984,5FPnjikbwlDMULCCCa6ZCJ,John Mayer,Heavier Things,Daughters,67,237906,False,0.674,0.413,2,-7.816,1,0.0274,0.836,1.95e-05,0.098,0.503,124.893,3,singer-songwriter,2003-09-09,2003,day,ok
89916,5kVZxyMY1gfdCLiChsfjn1,Bad Bunny,Un Verano Sin Ti,Yo No Soy Celoso,85,230704,True,0.872,0.588,0,-6.276,1,0.0492,0.275,0.0,0.17,0.93,142.004,4,reggaeton,2022-05-06,2022,day,ok
1219,2Fc99kfkQ1S2RilXcd6xIU,Money Chicha,Echo en Mexico,Quieren Efectos,24,167217,False,0.553,0.773,5,-6.446,1,0.0343,0.173,0.865,0.185,0.597,96.617,4,afrobeat,2016-07-01,2016,day,ok
46726,47bweAQBrsV1Vi3hDmEIAo,Korsakoff,Stiletto,Boozed - Edit,19,215639,False,0.462,0.978,6,-4.089,0,0.0951,0.0569,0.42,0.168,0.33,168.624,4,happy,2012-12-07,2012,day,ok
106552,5i7s3sB1LzxeVz8CWVEpAO,Tove Lo;The Young Professionals,Remixes & Covers,Talking Body - The Young Professionals Remix,44,221146,True,0.651,0.579,5,-8.023,0,0.0379,0.00166,0.000397,0.0794,0.443,138.993,4,swedish,2015-06-29,2015,day,ok
92524,6xwqmrEshHeFlVI3hrc685,Los Vaguens,Hotel Acapulco,Penurias,27,198013,False,0.329,0.596,5,-11.17,1,0.0569,0.0179,0.00102,0.267,0.413,167.831,4,rockabilly,2020-04-24,2020,day,ok
99196,21excOPd45gzWN8zCt8Vhw,Annie Lennox,Christmas Best Hits 2022,Angels From The Realms of Glory,0,240146,False,0.523,0.322,0,-8.957,1,0.0285,0.535,0.0,0.132,0.3,126.002,4,singer-songwriter,2022-10-19,2022,day,ok
63445,39NkxITdhS5BPBZ3ma2CTM,The Green;Sean Na'auao;Kaumakaiwa;Kumu Hina,"My Hawai'i (feat. Sean Na'auao, Kaumakaiwa, Kumu Hina)","My Hawai'i (feat. Sean Na'auao, Kaumakaiwa, Kumu Hina)",36,265326,False,0.726,0.593,0,-7.138,0,0.0851,0.284,0.0,0.527,0.857,139.924,4,j-rock,2019-12-20,2019,day,ok
50156,14nEPCQLWtMqV4uE1cRHFv,Lörihen,Bajo la Cruz,Vida Eterna,29,295263,False,0.31,0.884,1,-4.088,1,0.0488,0.000301,0.0,0.177,0.314,75.023,4,heavy-metal,2007,2007,year,ok
17560,1gexiILoiAONdvcXlzVQeE,Unholy,Ego Sum Deus,Ego Sum Deus,41,310390,False,0.636,0.538,2,-6.921,1,0.0324,0.00126,0.881,0.123,0.0388,115.983,4,club,2017-07-18,2017,day,ok
77723,0mljrVHFeq2qgThql44LcI,Ferrugem,Ferrugem em Casa 2 (Bloco 1) [Ao Vivo],Tô isso aqui pra te beijar - Ao Vivo,43,190662,False,0.537,0.761,2,-6.194,1,0.0741,0.543,0.0,0.472,0.705,165.984,4,pagode,2021-11-26,2021,day,ok
15209,59wlTaYOL5tDUgXnbBQ3my,ODESZA,A Moment Apart,A Moment Apart,66,234244,False,0.515,0.663,7,-7.896,0,0.0328,0.179,0.668,0.494,0.0756,120.024,4,chill,2017-09-08,2017,day,ok
89886,2Qud6Q1KlK22qHcjUGlRpJ,Marcianeke,Sueltate Mah,Sueltate Mah,41,178800,True,0.662,0.785,1,-10.159,0,0.203,0.614,0.0,0.106,0.797,180.108,4,reggaeton,2021-03-21,2021,day,ok
65219,2Pp9osgyIcw6o1avfDDDhH,BLACKPINK,SQUARE UP,Forever Young,67,237076,False,0.592,0.961,4,-1.807,1,0.096,0.0423,0.0,0.0882,0.508,109.826,4,k-pop,2018-06-15,2018,day,ok
101043,4xu38KnbRHbRHRwdg4KFul,Fan Sounds,Box Fan Long Loop For Sleep,Box Fan Long Loop For Sleep,54,500166,False,0.0,2.03e-05,6,-25.556,1,0.0,0.145,0.213,0.114,0.0,0.0,0,sleep,2017-01-01,2017,day,ok
70421,3oRP6yGs5d0kFpGRRzzaS8,Mayday,因為你 所以我,因為你 所以我,53,281799,False,0.47,0.685,11,-6.896,1,0.0363,0.188,0.0,0.112,0.488,152.103,4,mandopop,2020-12-25,2020,day,ok
92960,19ZjBzxJ5ARxbln6Qmw1AN,Ray Peterson,Missing You,"Corrina, Corrina",47,162160,False,0.481,0.413,9,-8.688,1,0.0326,0.798,1.61e-05,0.0817,0.681,127.591,4,rockabilly,1959-07-11,1959,day,ok
86010,3CmUas41TD2t8EGNZ85J9f,blink-182,Emo Christmas 2022,"Happy Holidays, You Bastard",2,42440,True,0.409,0.99,11,-2.084,1,0.115,0.02,0.0,0.513,0.962,172.715,4,punk,2022-10-18,2022,day,ok
36364,0y4iXXlpVFJSQjlx0vQ3MZ,Alex Keeper,Forever,Forever,57,172714,False,0.763,0.457,10,-14.629,0,0.0539,0.796,0.414,0.108,0.0384,117.996,4,french,2021-02-10,2021,day,ok
39247,3F5DccNp39Waj4QjZBUPGO,George Frideric Handel;The English Concert;Trevor Pinnock;The English Concert Choir,Weihnachten Klassik 2022,"Messiah, HWV 56 / Pt. 2: XLII. ""Hallelujah""",0,240760,False,0.434,0.262,1,-12.874,1,0.0286,0.959,0.6,0.141,0.256,103.015,4,german,2022-10-19,2022,day,ok
79627,7Afr3PKTtlFGHGiXYgnv6P,Ben Rector,The Walking in Between,I Like You,56,138506,False,0.624,0.334,3,-11.89,1,0.0391,0.321,3.27e-06,0.113,0.397,157.92,4,piano,2013-08-20,2013,day,ok
94285,0qjux3nULEYN7Yz9jijgWz,Rarin,GTA 2,GTA 2,57,123151,False,0.627,0.652,5,-8.545,0,0.122,0.214,0.0,0.0767,0.487,160.089,4,sad,2022-04-08,2022,day,ok
36803,5f5DBTOW5Y6wPiKTVcYVkg,doVicente,Superlove,Superlove,58,145737,False,0.753,0.809,6,-8.268,1,0.0637,0.317,0.0076,0.141,0.409,119.991,4,french,2021-04-09,2021,day,ok
23028,5jyPgh9K0YlyhlVGQzFsbO,Robin Schulz;David Guetta,House Anthems,On Repeat,5,190217,False,0.609,0.801,1,-8.483,0,0.0694,0.0246,0.00255,0.37,0.202,122.958,4,deep-house,2022-10-07,2022,day,ok
80669,6Gx3Ry4ORogdMibbdITOuN,Ajay Gogavale;Shreya Ghoshal,Dhadak,Dhadak Title Track,58,243484,False,0.375,0.312,7,-10.656,0,0.031,0.85,0.00988,0.137,0.22,77.527,4,pop-film,0000,0,year,ok
34192,34a89MbC7QXsUsLkljLgXX,Tom Petty,80s Bangers Vol. 1,Free Fallin',1,255680,False,0.619,0.504,5,-11.562,1,0.025,0.0614,0.0,0.06,0.568,84.335,4,folk,2022-10-14,2022,day,ok
35296,3zPVG3y3rEzyixSFhe3XYu,Léo Magalhães,Ao Vivo em Goiânia,Andorinha Machucada / Tudo de Novo / Pense em Mim (Ao Vivo),45,225360,False,0.415,0.501,11,-7.232,1,0.0361,0.83,0.0,0.242,0.306,114.579,4,forro,2009,2009,year,ok
92830,4YXKKnIZuk7UtXH5oC0ffa,Little Richard,Good Golly!,Lucille,56,143826,False,0.676,0.708,8,-12.115,0,0.0698,0.592,0.000307,0.166,0.919,143.669,4,rockabilly,1969-01-01,1969,day,ok
29950,089tprIgsyFSOrZpugamLI,Ekali;ZHU,Blame,Blame,45,177151,False,0.624,0.68,9,-7.285,0,0.0421,0.114,6.78e-05,0.0614,0.117,91.998,4,dubstep,2018-01-05,2018,day,ok
92919,3RVKeAie8vdadw5r1PPBx5,Jody Reynolds,Endless Sleep,(Evil Hearted Me) Downright Evil,23,154466,False,0.593,0.865,4,-10.227,1,0.0378,0.719,2.29e-05,0.303,0.969,157.96,4,rockabilly,2003-03-01,2003,day,ok
17627,7u1S5QZSwrWyNczrN9IAKR,Marina Herlop,Nanook,Doiloi,17,230000,False,0.343,0.129,8,-14.82,1,0.042,0.988,0.174,0.141,0.0371,124.396,5,club,2016-11-09,2016,day,ok
46217,08r6N5mPmFMLhaXRZVfUbB,The Nightraver,We're From Rotterdam,If You'Re Smart,22,174718,False,0.571,0.873,6,-11.995,0,0.0732,3.25e-05,0.74,0.373,0.0894,179.841,4,happy,2011-08-12,2011,day,ok
31402,5YLHLxoZsodDWjqSgjhBf3,Bazzi,COSMIC,Myself,68,167552,False,0.745,0.561,9,-5.513,0,0.072,0.465,1.12e-06,0.0338,0.902,195.918,4,electro,2018-04-12,2018,day,ok
58298,1mVn6LE3NukwuP1uAixzgT,Powerman 5000,The Ultimate Skate Punk Album Vol.1,When Worlds Collide,27,177960,False,0.56,0.903,11,-4.77,1,0.0754,0.00132,0.0,0.291,0.581,143.821,4,industrial,2019-08-02,2019,day,ok
54776,4zjuPxRdniuN7LZzI5aQNA,Isan,Lamenting Machine,Memory Cascades,10,279626,False,0.562,0.343,1,-20.924,1,0.0419,0.508,0.89,0.16,0.254,81.691,4,idm,2019-10-18,2019,day,ok
30895,0CkwGzywZ3js4Hcmb0RkQn,twocolors,Mega Hits Autumn/Fall 2022,Heavy Metal Love,3,132000,False,0.768,0.767,5,-8.06,0,0.0358,0.194,0.0,0.121,0.457,125.029,4,edm,2022-10-12,2022,day,ok
94441,2Yj1sRA7UENRp7p6tt8E1k,Powfu;sadeyes,Letter's You Never Received,Break Ups Suck Ass,51,164500,True,0.605,0.327,6,-7.659,1,0.037,0.866,0.0,0.125,0.608,179.839,4,sad,2019-07-18,2019,day,ok
98389,6OEHLXWw1PDfhbJLbNRi94,Lindsay Mendez;Ben Crawford,35MM: A Musical Exhibition (Original Cast Recording),Make Me Happy,26,137053,False,0.713,0.639,10,-5.769,1,0.05,0.423,0.0,0.129,0.944,92.072,4,show-tunes,2012-08-14,2012,day,ok
45899,2B5a8L30R9vk3F9clonX5g,Los Tecolines,Peerless 80 Aniversario - 24 Exitos Vol. 2,Vuela paloma,21,207013,False,0.668,0.374,7,-8.232,1,0.0288,0.788,0.0,0.29,0.669,113.108,4,guitar,2013-06-21,2013,day,ok
18154,3AO4zBhbT0E8hxb9HMSmbM,Jamie Kilstein,"Libel, Slander & Sedition",Obama and Hitler!,24,140199,True,0.705,0.555,2,-7.811,1,0.941,0.653,0.0,0.649,0.661,116.073,5,comedy,2011-09-13,2011,day,ok
35796,6LFXmq8DuXrxoyrPz7c5Lw,Limão Com Mel;Tarcísio do Acordeon,Estúdio Limão,Ponto Final,38,206767,False,0.657,0.829,2,-5.596,0,0.0673,0.276,0.0,0.207,0.569,117.029,4,forro,2021-11-13,2021,day,ok
25007,4UDmDIqJIbrW0hMBQMFOsM,Bee Gees,Staying Alive (Original Motion Picture Soundtrack),Stayin' Alive,77,92866,False,0.707,0.535,10,-19.793,0,0.0436,0.113,0.00615,0.0884,0.641,103.644,4,disco,1977-12-13,1977,day,ok
26791,4RShNT9cGPE2jnrO82Ma0I,Cameron's Bedtime Classics,Lullabies and Nursery Rhymes,Little Jack Horner - Original Mix,19,58826,False,0.495,0.137,5,-17.15,1,0.0468,0.968,0.946,0.109,0.271,139.73,3,disney,2015-02-17,2015,day,ok
77368,0Y2v82GQsomVCqnfWpRSg5,Calcinha Preta,"Dois Amores, Duas Paixões, Vol. 14","Dois Amores, Duas Paixões",48,223007,False,0.496,0.727,1,-4.378,0,0.0427,0.237,0.0,0.422,0.501,166.068,4,pagode,2006-01-01,2006,day,ok
21406,3iRKwxW8ZDjmL9nKk3nisz,Tiwa Savage;Zinoleesky,Jaiye Foreign,Jaiye Foreign,58,190164,False,0.82,0.816,5,-6.29,0,0.077,0.0216,7.81e-05,0.0541,0.861,108.98,4,dancehall,2022-08-10,2022,day,ok
56036,1HGtTmgl1sEycuS9lJviWQ,Zaeden,Genesis 1:1,dooriyan,63,161624,False,0.735,0.593,11,-7.473,1,0.0885,0.731,0.178,0.135,0.475,160.07,4,indie-pop,2021-07-02,2021,day,ok
22004,69Yia3qCLw6N9U80WhLwLn,Death,The Sound of Perseverance - Reissue,Voice of the Soul,58,223933,False,0.158,0.572,7,-6.293,0,0.0346,0.000926,0.893,0.144,0.347,79.176,3,death-metal,1998,1998,year,ok
43187,73rQVihYf9bPXflrJiesqF,Kemuel,Ressuscitou (Resurrecting) [Kemuel Nation],Ressuscitou (Resurrecting) [Kemuel Nation],36,491000,False,0.413,0.509,1,-8.439,1,0.0292,0.326,0.0,0.116,0.222,148.055,4,groove,2019-03-22,2019,day,ok
106898,7G4FH6SEh9wgDRztDi3cDE,Lasse Stefanz,Evergreen,Utan att förstå,36,224640,False,0.663,0.733,9,-5.09,1,0.0298,0.00878,9.01e-06,0.108,0.741,107.967,4,swedish,2022-06-24,2022,day,ok
78216,44Lv3y1OHRM7r8vuEAGTkW,FiNCH;SDP,Hold Me Now,Liebe ist ...,35,183173,True,0.631,0.8,9,-4.179,1,0.101,0.107,0.0,0.373,0.782,156.941,4,party,2022-08-18,2022,day,ok
12514,5d4MvCqMJUgoVVCz16tvlD,Miriam Yeung,My Favourite Hits,再見二丁目,38,236840,False,0.645,0.3,5,-10.282,1,0.0362,0.815,0.0,0.115,0.214,143.928,4,cantopop,2000,2000,year,ok
68941,3JCcBtwNldEBd3O4hqYDWI,Almighty;Manny Montes,Genelipsis,No Me Arrodillo,39,225500,False,0.81,0.542,11,-7.146,0,0.415,0.102,0.0,0.113,0.376,164.151,4,latino,2022-01-20,2022,day,ok
60249,0fGDKi4UeXx8CypAvJdAj6,DJ Furax;Redshark,Techno Hard,F***k Orgus (Dance) - Dr. Rude Remix,26,332408,False,0.842,0.867,7,-6.886,1,0.364,0.00892,0.74,0.256,0.587,147.011,4,j-dance,2012,2012,year,ok
29199,0NmnFMWMkTETNANGpVVqyc,Moore Kismet,Wasteland,Wasteland,51,183424,False,0.563,0.836,1,-3.901,0,0.0903,0.108,0.0,0.243,0.657,141.923,4,dubstep,2022-05-20,2022,day,ok
60331,6HhdFRM9un1Ojpz1A98pVi,High Contrast,If We Ever (Unglued Remix),If We Ever - 2018 Remaster,25,320271,False,0.542,0.875,7,-4.285,1,0.0507,0.000356,0.31,0.359,0.114,172.973,4,j-dance,2018-08-24,2018,day,ok
66085,5YRzeFvIc4yNhpzDcLKWvE,BadKidMacei;Badkidparis,Bossy,Bossy,21,144048,False,0.914,0.723,2,-6.193,1,0.138,0.196,0.0,0.216,0.335,95.0,4,kids,2020-10-27,2020,day,ok
103338,5mq2tutI68FRDD8CiYOsYS,Paolo Nutini,Low-Key Hits,Growing Up Beside You,1,203666,False,0.504,0.51,7,-10.79,1,0.0415,0.771,7.61e-05,0.0766,0.0834,95.182,4,soul,2022-10-14,2022,day,ok
58208,3B0hzwc1e8AYOytj9hZS2I,Blue Stahli,Blue Stahli (Deluxe Edition),ULTRAnumb,55,265434,False,0.439,0.915,2,-7.078,0,0.0745,0.000184,0.000899,0.326,0.34,91.993,4,industrial,2011-03-02,2011,day,ok
63629,1aesK4KrWp8IF3jtRdA3WJ,Eikichi Yazawa,YAZAWA (50th Anniversary Remastered),LOVE THAT WAS LOST - Remastered 2022,34,225826,False,0.741,0.519,0,-11.103,1,0.0259,0.215,0.00205,0.319,0.899,107.882,4,j-rock,1981-08-05,1981,day,ok
55623,5fIWOnufnkAtDp9SDqRMD3,Fossils,Fossils,Hansnuhana,45,294322,False,0.528,0.427,4,-12.304,1,0.0548,0.27,2.18e-05,0.105,0.307,133.127,4,indian,2001,2001,year,ok
59699,4K2NuhUFmcQbaepaAzHGdP,Alireza Mashayekhi;Marie-Thérèse Grisenti;Marc Vitantonio;Duo Grisenti Vitantonio,A. Mashayekhi - 5 Sonates Pour Violoncelle Et Piano,Sonate IV Opus 180 Pour Violoncelle Et Piano - 3ème Mouvement,0,284573,False,0.254,0.104,5,-19.932,1,0.0524,0.986,0.716,0.152,0.0378,84.693,4,iranian,2021-01-11,2021,day,ok
27966,1g4C1BrGd4O1Dt5y0xue96,Culture Shock,Sequence,Renaissance (Edit),51,209549,False,0.458,0.981,1,-1.65,1,0.0518,0.0573,0.0363,0.172,0.143,173.882,4,drum-and-bass,2019-06-07,2019,day,ok
74101,6Sk0prnnRQ1SYTSDGxa92x,Seu Jorge,"Musicas para Churrasco, Vol.1 (Ao Vivo) (Delux Edition)",Pessoal Particular (Ao Vivo),47,387720,False,0.634,0.859,2,-5.832,1,0.0567,0.539,3.2e-05,0.693,0.64,112.942,4,mpb,2012-01-01,2012,day,ok
66779,5z6YX4XnUd06mWDQc7rF10,Desmond Dennis,Desmond Kids Jams Theme Song,Desmond Kids Jams Theme Song,8,54866,False,0.656,0.678,3,-5.615,1,0.365,0.532,0.0,0.0308,0.718,65.77,4,kids,2019-07-05,2019,day,ok
69446,09H6lkpmYJYeDaEKvoXcoZ,Sachin Warrier;Job Kurian;Sayanora,Thira (Original Motion Picture Soundtrack),Thaazhe Nee Tharame,28,171126,False,0.509,0.475,5,-8.994,0,0.0382,0.506,0.00383,0.168,0.173,135.31,4,malay,2013-07-01,2013,day,ok
3235,5Z2iVSDPvCScP5M5atIt5v,Shinedown,Metal,Planet Zero,0,222738,False,0.416,0.964,9,-2.967,1,0.112,2.35e-05,0.000875,0.473,0.212,157.925,4,alternative,2022-10-21,2022,day,ok
36563,7mzU3O4ixZNhShH6SrCInw,Django,Anthracite,Anthracite,35,142222,True,0.64,0.459,2,-8.439,1,0.25,0.448,5.75e-05,0.107,0.14,100.071,3,french,2017-10-09,2017,day,ok
6974,5mfyiAYTK4MxWq2elg1Kpv,Anal Vomit,Demoniac Flagellations,Sendero Siniestro,17,155600,True,0.193,0.995,3,-4.893,1,0.18,4.29e-06,0.0737,0.0486,0.0743,109.837,4,black-metal,2008-10-24,2008,day,ok
36037,6nSnDI2EvwXocgjj6hwQRv,Camille Saint-Saëns;石丸由佳,死の舞踏~悪魔のパイプオルガン,死の舞踏,1,538293,False,0.213,0.159,7,-13.897,1,0.0366,0.715,0.914,0.101,0.0373,143.35,4,french,2022-10-05,2022,day,ok
52595,1cQI15E52Yqrg7r2Kp2Fzu,Ray Price,Country Music - A Film by Ken Burns (The Soundtrack) [Deluxe],Crazy Arms,12,150640,False,0.61,0.287,5,-9.551,1,0.0281,0.676,0.0,0.134,0.701,117.626,4,honky-tonk,2019-09-06,2019,day,ok
70664,0w4Sf61CbM69gDD7RVmaBD,Ronghao Li,有理想,爸爸媽媽,51,284215,False,0.67,0.507,11,-6.551,1,0.0316,0.699,0.0,0.161,0.258,101.921,4,mandopop,2016-01-22,2016,day,ok
38163,4Du0BRUJvKybzxcRplp7HF,Arctic Monkeys,Leave Before The Lights Come On,Leave Before The Lights Come On,62,233946,False,0.365,0.887,0,-4.579,1,0.0417,0.00272,2.18e-05,0.0923,0.916,150.718,4,garage,2006-08-14,2006,day,ok
56390,2sWP5BvD2gcT32MpMAhkRU,salem ilese,CHRISTMAS TOP HITS 2022,Thank You Note,0,156265,False,0.637,0.705,10,-7.546,0,0.0502,0.121,0.0,0.0857,0.553,158.013,4,indie-pop,2022-10-19,2022,day,ok
56311,12b3bKEbdjtL1Ga0n3ybzK,Sajjan Raj Vaidya,Phutki Jaaney Jovan,Phutki Jaaney Jovan,49,220800,False,0.46,0.521,4,-8.022,1,0.0274,0.65,0.0,0.256,0.599,149.945,4,indie-pop,2020-05-16,2020,day,ok
97111,7rJrFX4RyhDJNV9nQIPw0y,Zé Henrique & Gabriel,Tá tudo OK Acústico,O que combina comigo é você,51,176866,False,0.669,0.671,6,-8.135,1,0.0276,0.448,0.0,0.472,0.753,131.996,4,sertanejo,2010-08-02,2010,day,ok
56672,6lio8qS8M1XBGV3fYb8ZS5,Tribal Rain,Roka Yo Samay,Sunyata,45,231784,False,0.682,0.462,11,-11.505,0,0.0388,0.913,0.212,0.107,0.529,96.054,4,indie-pop,2017-09-28,2017,day,ok
36352,6KHsTu4Ht4XYiWcZOOdwbW,Fresh,Chop (Nouvelle École),Chop (Nouvelle École),76,195560,True,0.745,0.801,3,-6.545,0,0.724,0.439,1.13e-06,0.519,0.486,143.011,4,french,2022-06-23,2022,day,ok
46968,0M88JRtpXQK8i2XP0WX8jO,Scooter,Back To The Heavyweight Jam,Fuck The Millennium,16,249493,False,0.548,0.999,0,-4.937,1,0.0947,0.0501,0.0128,0.978,0.0878,145.0,4,happy,1999-09-27,1999,day,ok
84548,1yoMdigYCXY5UrhTbGNEJp,Eric Burdon,Disciples Liberation The Ultimate Fantasy Playlist,Don't Let Me Be Misunderstood,0,157360,False,0.673,0.712,11,-7.858,0,0.0273,0.159,0.0,0.183,0.912,113.061,4,psych-rock,2022-10-07,2022,day,ok
86886,1Ib8I0IUoeRdLk6IKMLenk,Die Toten Hosen,Alles aus Liebe: 40 Jahre Die Toten Hosen,Nur zu Besuch,38,270266,False,0.508,0.299,0,-7.457,0,0.0261,0.502,0.0,0.112,0.137,108.159,4,punk,2022-05-27,2022,day,ok
80571,0EMYTe2oQy70PCKPQFlbVy,Ali Zafar,"London, Paris, New York (Original Motion Picture Soundtrack)",Voh Dekhnay Mein,59,272453,False,0.815,0.421,0,-8.125,1,0.0352,0.491,4.41e-06,0.117,0.543,140.01,4,pop-film,2012-01-30,2012,day,ok
105804,0BhH8IeKQa3MW7J3dpl6x0,hope mona,trick or treat on beat,Ghostbusters - Lo-Fi,0,170929,False,0.816,0.596,9,-11.15,1,0.451,0.76,0.891,0.348,0.756,116.022,4,study,2022-10-18,2022,day,ok
25269,5xQr5TxQ77siaKfuyiJbT0,Ottawan,Hands Up,Hands Up - Single Version,66,208573,False,0.888,0.876,8,-4.249,1,0.0425,0.61,3.25e-05,0.375,0.992,123.291,4,disco,1980-01-01,1980,day,ok
18629,5g9IN42ZX2NK6KhOB347V3,Dry Bar Comedy,Dry Bar Comedy Presents Zoltan Kaszas: Cat Jokes,Accidental Soccer Coach,22,158000,False,0.519,0.535,3,-14.284,0,0.935,0.764,0.0,0.706,0.474,135.462,4,comedy,2018-08-02,2018,day,ok
40991,45eEjffcfZfXgILWoY2tZw,Trazendo a Arca,10 Anos (Edição Comemorativa),Sobre as Águas,37,340626,False,0.442,0.447,1,-7.557,0,0.0278,0.456,0.0,0.975,0.165,137.987,4,gospel,2012-09-11,2012,day,ok
42838,36j1jTaF9CFdq58TOPnBzC,Napalm Death,Utopia Banished (Remastered 2012 Edition),Judicial Slime,12,156840,False,0.221,0.992,10,-4.898,0,0.151,3.49e-06,0.207,0.304,0.117,98.179,4,grindcore,1992,1992,year,ok
25238,6aKWvrAFe1NC7YEw8rTcwb,Randy Crawford,Gourmet Soul,Street Life (Edit),0,289333,False,0.55,0.548,5,-11.171,0,0.0719,0.258,4.12e-05,0.36,0.819,111.612,4,disco,2022-10-07,2022,day,ok
46833,2NQ2VeLMFkiPaUzEjU0U4J,Rotterdam Termination Source,History Of Rotterdam Hardcore Part 1.,Poing-Jump A Little Higher,16,261735,False,0.751,0.991,11,-5.468,0,0.0723,0.00101,0.179,0.357,0.849,154.857,4,happy,2011-08-22,2011,day,ok
67349,4B8RTAHSPfYpV222GsmEjq,Don Omar,Fiesta portatil,Zumba,2,263973,False,0.718,0.891,9,-3.494,0,0.0404,0.00175,0.0146,0.138,0.828,124.981,4,latin,2022-10-11,2022,day,ok
106359,2sCxUQfUto6uaBe1ZBHFtA,Clara Mae;Russell Dickerson,Drunk On Emotions,Alright (feat. Russell Dickerson),51,161085,False,0.544,0.738,6,-4.944,1,0.106,0.368,0.0,0.0993,0.41,146.976,4,swedish,2020-08-28,2020,day,ok
104590,2KK9N6iBAisA0booTu3bGd,Melendi;Alejandro Sanz;Arkano,Ahora,Déjala Que Baile (with Alejandro Sanz & Arkano),64,219600,False,0.831,0.777,11,-4.456,0,0.174,0.356,0.0,0.0796,0.598,95.973,4,spanish,2018-03-09,2018,day,ok
71286,48Yn5OAlrve8PAhxDhTNUQ,Twisted Sister,Metal,Under the Blade,0,279533,False,0.304,0.89,9,-3.992,0,0.122,0.00143,0.00113,0.104,0.433,194.289,4,metal,2022-10-21,2022,day,ok
49638,6YtuqK0GShEo9edd4yI8rr,Wildstylez;Headhunterz,Project One,The Zero Hour,21,330106,False,0.622,0.906,9,-6.987,1,0.258,0.024,0.0133,0.342,0.0615,149.882,4,hardstyle,2008-07-11,2008,day,ok
78837,5q4gc4nzxSgtwIBnIuCT6M,Cooltime Kids,Halloween y diversión para peques,The Addams Family,0,139866,False,0.689,0.546,5,-9.254,1,0.0673,0.000464,0.000896,0.239,0.966,120.233,4,party,2022-10-14,2022,day,ok
79006,4LUwZxtF980YhwrvxtTeZ7,OneRepublic,HOT PARTY BACK TO SCHOOL 2022,I Ain't Worried,1,148485,False,0.704,0.797,0,-5.927,1,0.0475,0.0826,0.000745,0.0546,0.825,139.994,4,piano,2022-10-06,2022,day,ok
60322,6iHbjtE81qfwU4RacVYDqP,E-Dee,Elevate,Everytime I See You,31,206222,False,0.521,0.686,5,-8.002,0,0.291,0.0141,0.0,0.0846,0.624,129.378,5,j-dance,2022-05-06,2022,day,ok
32186,5VgoYN2PNwcRIbxCzmeri0,Peter Cat Recording Co.,Bismillah,Heera,41,379920,False,0.66,0.606,0,-11.409,0,0.0266,0.557,0.00547,0.0987,0.77,116.007,4,electronic,2019-06-07,2019,day,ok
105950,5nvL2YxmnbQyuu7aGrI68K,luvuto,messy,messy,30,96000,False,0.605,0.238,0,-12.352,1,0.16,0.948,0.92,0.111,0.656,79.996,4,study,2022-04-03,2022,day,ok
6650,5XaueS6W32nmVOFqYsmoCr,Angelmaker,Dissentient,Leech,50,285160,True,0.254,0.98,0,-4.348,1,0.138,0.00014,0.0659,0.306,0.0399,125.023,4,black-metal,2015-02-25,2015,day,ok
38849,4z6ONMu9f0FjhhApyj87KI,Eagles Of Death Metal,Zipper Down,Got The Power,26,208440,False,0.46,0.882,1,-4.91,1,0.0641,0.00203,0.0103,0.0996,0.658,143.926,4,garage,2015-10-02,2015,day,ok
13370,22f03jCe16N1rYJzO9RqWl,Ron Trent,Artifacts From the Future EP,City Beat,9,682666,False,0.804,0.947,2,-8.071,1,0.0488,0.00984,0.889,0.0647,0.666,122.018,4,chicago-house,2008-12-15,2008,day,ok
3337,6JN0cjFT0zDRYxzqcKrvwf,Soundgarden,Hits Pop Rock 90's,Spoonman,0,246920,False,0.258,0.904,0,-5.625,1,0.0386,2.2e-05,0.218,0.255,0.832,186.054,3,alternative,2022-10-14,2022,day,ok
3337,6JN0cjFT0zDRYxzqcKrvwf,Soundgarden,Hits Pop Rock 90's,Spoonman,0,246920,False,0.258,0.904,0,-5.625,1,0.0386,2.2e-05,0.218,0.255,0.832,186.054,3,alternative,2022-10-14,2022,day,ok
110483,1ltZgsLlfxgtNh5U74JPu3,Above & Beyond,Journey To ABGT500 pt.2,Group Therapy (Messages Pt. 9) [ABGT499D3],29,48695,False,0.66,0.917,7,-6.56,1,0.215,0.068,0.000216,0.683,0.74,138.065,3,trance,2022-10-08,2022,day,ok
72736,2zNZ81rcbDUvOmKo0borJr,Electric Callboy;FiNCH,TEKKNO,Spaceman (feat. FiNCH),63,190000,True,0.508,0.891,4,-7.492,0,0.0539,0.000381,0.0,0.403,0.572,79.984,4,metalcore,2022-09-16,2022,day,ok
84138,5Yi7LVz0rVo2aYN34Hyv1U,Cream,(60's) Sixties Collected Volume 2,I Feel Free - Remastered,0,172760,False,0.371,0.601,9,-8.431,1,0.0277,0.137,5.53e-05,0.15,0.596,87.975,4,psych-rock,2022-10-20,2022,day,ok
56260,7Gn4vU9RUHYV5aA1gMJSPV,Ritviz,Dev,Pran,48,221538,False,0.619,0.484,1,-8.715,1,0.0572,0.116,0.000121,0.19,0.61,90.916,4,indie-pop,2021-07-09,2021,day,ok
56260,7Gn4vU9RUHYV5aA1gMJSPV,Ritviz,Dev,Pran,48,221538,False,0.619,0.484,1,-8.715,1,0.0572,0.116,0.000121,0.19,0.61,90.916,4,indie-pop,2021-07-09,2021,day,ok
34641,5FcQcDHuwpzP70vhlCqVi2,Steppenwolf,Fiesta temática 60s,The Pusher,0,349826,False,0.508,0.47,0,-9.339,1,0.0262,0.201,0.0553,0.14,0.69,81.016,4,folk,2022-10-07,2022,day,ok
26146,0u79AwRSmRJdCQwXV7SGSB,Laura Chiatti,Rapunzel- L'intreccio della torre,Aspettando una nuova vita – Reprise,31,125840,False,0.329,0.166,4,-10.467,1,0.0381,0.918,0.000221,0.257,0.159,102.277,4,disney,2010-01-01,2010,day,ok
3711,0H4BGX7L8UfoD0g4wgXd0D,Leeland,Way Maker,Way Maker - Single Version,64,206440,False,0.468,0.655,4,-6.384,1,0.0296,0.0149,0.0,0.104,0.222,144.045,4,alternative,2020-02-14,2020,day,ok
102838,5X4tAxxNC5XaSgcIW3xhj7,Sara Kays,Chosen Last,Chosen Last,56,226847,False,0.652,0.546,11,-6.497,1,0.0264,0.666,2.28e-06,0.112,0.264,99.03,4,songwriter,2020-08-03,2020,day,ok
87805,0Gdc7WEm7QbmFzqDfQCs2M,Rodrigo Zin,Tanjiro Kamado,Tanjiro Kamado,41,291283,True,0.677,0.573,10,-7.982,0,0.047,0.317,0.0,0.291,0.282,107.059,4,r-n-b,2022-01-27,2022,day,ok
128,38YgZVHPWOWsKrsCXz6JyP,Matt Nathanson,Some Mad Hope,Come On Get Higher,71,215173,False,0.672,0.623,9,-5.699,1,0.0297,0.241,0.0,0.0848,0.617,92.018,4,acoustic,2007-08-10,2007,day,ok
54837,7fiDUk7rQAZJ5lPKchOpHM,Autechre,Chiastic Slide,Nuane,12,797375,False,0.698,0.583,4,-11.091,0,0.105,0.00189,0.775,0.308,0.408,108.002,4,idm,1997-02-17,1997,day,ok
40712,1UDViHv1sQpQT4G3Yf18IC,Heloisa Rosa,Estante da Vida,Vaidade,39,268051,False,0.494,0.443,4,-9.212,1,0.0274,0.674,6.59e-05,0.102,0.191,125.887,4,gospel,2008-07-25,2008,day,ok
82716,5Ag2HVfyE4rzXa8ba47Qqo,The Lemonheads,Varshons 2,Abandoned,21,220306,False,0.444,0.545,0,-6.574,1,0.0284,0.0391,0.000356,0.184,0.382,126.728,4,power-pop,2019-02-08,2019,day,ok
106847,7df1bXJPOQ21YwxjjOYOnj,Pernilla Andersson,Våra barns godnattsånger - älskade godnattvisor & vaggvisor för alla barn,Videvisan (Sov du lilla videung),35,180506,False,0.341,0.212,7,-12.131,1,0.0312,0.897,0.00124,0.147,0.268,171.267,4,swedish,2014-11-21,2014,day,ok
81039,2J2Z1SkXYghSajLibnQHOa,Sia,This Is Acting,Unstoppable,81,217746,False,0.468,0.779,9,-4.839,1,0.0779,0.112,0.000373,0.101,0.26,173.799,4,pop,2016-01-29,2016,day,ok
37537,36wWhtZyNc7YSGORYvLZ5X,Mc Kevin,Isolado No Quarto,Sentimento,46,216000,False,0.493,0.587,7,-4.743,0,0.0603,0.791,0.0,0.0919,0.456,109.967,4,funk,2020-05-23,2020,day,ok
1025,3AJ0MFDt4OSknQ5D9Jlo4l,Criolo,Nó na Orelha,Samba Sambei,37,222560,False,0.87,0.737,11,-8.372,1,0.126,0.268,0.00369,0.0504,0.952,136.07,4,afrobeat,2011-01-01,2011,day,ok
17122,7I8UTLiBA1ptFm04WulwhH,Arca,KICK ii,Prada,58,163348,False,0.619,0.712,4,-6.893,0,0.0328,0.103,0.0,0.24,0.35,95.025,4,club,2021-11-30,2021,day,ok
22657,0vrF0RhqGtoyzHxNpKFVeq,Darko US;Ryo Kinoshita,Oni,Hyper Kill,49,203266,True,0.258,0.997,7,-3.808,1,0.245,0.000225,0.565,0.096,0.245,147.567,4,death-metal,2022-09-26,2022,day,ok
100781,2okcO5ZSjMwCl3kBOZujX9,The Planet Smashers,Unstoppable,Police the Nation,31,158946,False,0.753,0.958,11,-4.088,0,0.0504,0.0449,0.0,0.383,0.964,167.944,4,ska,2005-08-02,2005,day,ok
31375,5902W4uHWzhtOff1UK7the,Alesso;Katy Perry,When I’m Gone (with Katy Perry),When I’m Gone (with Katy Perry),80,161266,False,0.685,0.886,0,-4.179,1,0.034,0.028,0.0,0.481,0.615,125.034,4,electro,2021-12-29,2021,day,ok
28486,6fUyCEJju5st7aDoN1nDN0,Miles Away;braev,Heartless,Heartless,41,234324,False,0.467,0.644,6,-4.792,0,0.0382,0.182,0.0,0.0945,0.308,148.049,4,dub,2019-10-31,2019,day,ok
88132,38Uq4auvCzFYWtYjLeB5xz,KAROL G,El perreo es el futuro,BICHOTA,0,178946,True,0.863,0.666,1,-4.158,0,0.152,0.212,0.000493,0.103,0.838,163.908,4,reggae,2022-10-21,2022,day,ok
11010,46IZ0fSY2mpAiktS3KOqds,Adele,30,Easy On Me,82,224694,False,0.604,0.366,5,-7.519,1,0.0282,0.578,0.0,0.133,0.13,141.981,4,british,2021-11-19,2021,day,ok
80680,2ygHwkk6BE4o1YKF2jhrFX,Amaal Mallik;Armaan Malik;Palak Muchhal,Sanam Re,Hua Hain Aaj Pehli Baar,58,309272,False,0.495,0.729,6,-6.453,0,0.103,0.6,4.13e-05,0.0993,0.683,155.892,4,pop-film,2016-01-04,2016,day,ok
91600,6k0X05danQOXSBTVek5DU1,SiM,The Rumbling,The Rumbling,73,220799,False,0.459,0.878,5,-1.399,0,0.0688,5.62e-05,0.000307,0.371,0.494,144.852,4,rock,2022-02-07,2022,day,ok
70806,7eKlApdNdcu8e2GX4nItcO,Ella Chen,都幾歲了 (電視劇【幸福一家人】片尾曲),都幾歲了 (電視劇【幸福一家人】片尾曲),38,241891,False,0.624,0.499,7,-7.631,1,0.0276,0.179,0.0,0.17,0.305,115.986,4,mandopop,2019-06-05,2019,day,ok
1841,28i8wrtierqlLXenXZqgRL,Samuca e a Selva,Ditados Populares Dançantes,Vermelhos de Ciclos,16,242000,False,0.753,0.728,10,-6.071,0,0.0563,0.0159,0.0652,0.107,0.59,144.003,3,afrobeat,2022-08-25,2022,day,ok
61649,6Ban3mboqGeIUAFnuyZZNM,Shiritsu Ebisu Chugaku,Major Debut 10th Anniversary Album 中吉,ポップコーントーン,19,270413,False,0.329,0.954,4,-1.737,1,0.0706,0.00316,0.338,0.52,0.589,170.064,4,j-idol,2022-09-21,2022,day,ok
4050,24BYTj1tb5ovZcnIbtdTYD,Seekae;Flume,Test & Recognise (Remixes),Test & Recognise - Flume Re-work,70,303660,False,0.544,0.579,8,-8.52,1,0.0712,0.193,1.43e-05,0.117,0.294,109.769,4,ambient,2014-08-14,2014,day,ok
27595,7z60LyZVJJXrE6YPJ39ioD,Goldie;James Davidson;Subjective;Lauren Norstrom,The Start of No Regret,Azimuth,18,276937,False,0.668,0.859,6,-5.947,1,0.0367,0.0351,0.569,0.248,0.802,118.001,4,drum-and-bass,2022-05-20,2022,day,ok
58320,5PXyH5bb5fbVfO8LjByhBb,Death Grips,The Money Store,Hustle Bones,51,192360,True,0.6,0.982,4,-2.996,0,0.201,0.104,0.0,0.343,0.277,110.015,4,industrial,2012-04-23,2012,day,ok
53528,1Mys1gf9SkMBAVGGxpkJ7d,Lost Frequencies;Janieck,Less Is More,Reality,70,159480,False,0.714,0.697,1,-7.887,0,0.032,0.0197,2e-06,0.0697,0.602,122.145,4,house,2016-10-21,2016,day,ok
109578,3xfeeYbPZG82KPttgF7iGC,Blank & Jones,Relax Edition 10,Flamingo,27,250120,False,0.811,0.556,5,-7.399,0,0.0741,0.291,0.898,0.11,0.745,109.976,4,techno,2017-07-07,2017,day,ok
69089,4Hfab9JSboztQUlw1oSmGB,Sujatha,Taj Mahal (Original Motion Picture Soundtrack),Sotta Sotta m,45,344816,False,0.751,0.414,5,-11.214,0,0.0406,0.145,0.000123,0.0841,0.401,94.991,4,malay,1998-05-18,1998,day,ok
20423,7GjQssVu8uKn4WGTIgTOIA,Tiësto;Charli XCX,Hot Mix Pop,Hot in It,3,129817,False,0.748,0.841,7,-5.08,1,0.177,0.00445,1.33e-06,0.0413,0.717,123.045,4,dance,2022-10-07,2022,day,ok
113368,2yUVCrzeOEChacYpE0MUAP,Planetshakers,Legacy (Live),Alive Again - Live In Manila,48,252149,False,0.561,0.925,1,-5.77,1,0.0566,0.000184,0.0119,0.606,0.614,126.019,4,world-music,2017-09-15,2017,day,ok
52715,49TMDqI2mJ8qtLuYMeFrua,Hank Williams,The Immortal,I'm Satisfied With You,12,155640,False,0.779,0.324,2,-12.326,1,0.0517,0.892,0.0,0.082,0.963,107.639,4,honky-tonk,1958-01-01,1958,day,ok
71790,36xBFaVGjqm7le8CTHytUj,Bring Me The Horizon,POST HUMAN: SURVIVAL HORROR,Parasite Eve,65,291812,True,0.589,0.797,9,-5.464,1,0.15,0.0289,4.35e-06,0.383,0.232,102.489,4,metal,2020-10-30,2020,day,ok
112743,36XWUlUGrfZ8da2fLbnNqj,Can Bonomo,Ruhum Bela,Ruhum Bela,38,165192,False,0.638,0.893,9,-4.857,1,0.076,0.0398,0.0,0.0801,0.567,127.947,4,turkish,2019-04-05,2019,day,ok
108335,2VaAx84O5vvWwI9QTeuq49,Roberto Goyeneche,Buenos Aires Conoce,Nada,22,159306,False,0.47,0.591,9,-6.042,1,0.0809,0.788,1.26e-05,0.21,0.651,81.005,4,tango,2004-12-06,2004,day,ok
26267,1Vy8dfWHzytLuWDYqnQd4L,Ewa Konstancja Bułhak,Bambukalambu,Mamisi kołysanka,25,93506,False,0.61,0.151,11,-14.883,1,0.115,0.863,0.0,0.104,0.666,169.463,3,disney,2011-02-04,2011,day,ok
51770,2GDWnzRp5wsBXMBtR25dzv,Amrit Maan;Nimrat Khaira,All Bamb,Sira E Hou,57,200769,False,0.745,0.549,7,-5.137,1,0.203,0.337,0.0,0.152,0.788,77.892,4,hip-hop,2021-08-06,2021,day,ok
100392,4TuolvR6umOx58y53a9Vak,Feine Sahne Fischfilet,Sturm & Dreck,Ich mag kein Alkohol,37,215718,False,0.406,0.966,2,-3.515,0,0.0768,0.00113,0.0,0.0714,0.497,171.966,4,ska,2018-01-12,2018,day,ok
80050,5FXMRdJjKq1BIX4e8Eg9mK,KK,Om Shanti Om,Ajab Si,69,241668,False,0.697,0.438,8,-8.411,1,0.0289,0.397,0.0,0.293,0.58,117.954,4,pop-film,2007-09-18,2007,day,ok
56510,77o1HdXHm1hLd7Ebe9ygd0,Bea Miller,THAT BITCH,THAT BITCH,68,201101,True,0.778,0.738,2,-2.164,1,0.218,0.0103,0.0,0.55,0.626,162.132,4,indie-pop,2019-11-01,2019,day,ok
76754,6I5lEYZblvLRtvgb0cUC8X,Patrizio Buanne,The Italian,Credi In Te,20,140186,False,0.148,0.32,2,-11.921,0,0.0386,0.804,0.00283,0.304,0.106,161.31,3,opera,2005-01-01,2005,day,ok
88756,3wxYm9dG25xd0eAGAkqy7W,K'NAAN;Black Chiney,Wavin' Flag (Orange Monkey Version),Wavin' Flag - Black Chiney Remix,49,224533,False,0.597,0.913,0,-6.246,1,0.103,0.038,0.0,0.288,0.694,152.098,4,reggae,2010-01-01,2010,day,ok
84087,1T8grchCkVHRzP2McY9ARx,The Beach Boys,Best Christmas Music 2022,Little Saint Nick - 1991 Remix,0,118840,False,0.602,0.553,11,-9.336,1,0.0328,0.108,0.0,0.0512,0.971,130.594,4,psych-rock,2022-10-21,2022,day,ok
29506,4yNoaxUJjnP50AXYoAZx4S,Flux Pavilion;Matthew Koma,Tesla,Emotional,51,235275,False,0.335,0.865,11,-4.672,0,0.0944,0.0027,0.276,0.107,0.411,149.85,4,dubstep,2015-09-18,2015,day,ok
96711,6onYIWMYHWdzwUvZDZ6c7I,Vou Zuar,Salseiro (Ao Vivo),Salseiro - Ao Vivo,38,200879,False,0.65,0.903,7,-5.27,0,0.0348,0.663,0.0,0.988,0.869,94.025,4,samba,2016-01-22,2016,day,ok
59614,1EXc4lSFTbktmqWksJLgke,Nyctalllz,Visions of Darkness: Volume II,The Curse of the White Demon,1,415517,False,0.237,0.38,2,-14.322,1,0.0358,0.599,0.875,0.174,0.0464,112.65,4,iranian,2022-07-29,2022,day,ok
42746,2YQa7y1HQLCXF9IJrLAKmr,Magrudergrind,Magrudergrind & Shitstorm Split,Siphon Then Slit,11,59853,False,0.346,0.999,0,-4.912,1,0.184,0.00225,0.00983,0.306,0.0375,137.923,4,grindcore,2006-03-14,2006,day,ok
42171,4QWQG77AZktvQMh302cCzf,Cripple Bastards,Misantropo a senso unico,Misantropo a senso unico,16,134840,True,0.286,0.995,9,-3.143,1,0.178,5.44e-05,0.049,0.162,0.169,112.711,4,grindcore,2000-10-13,2000,day,ok
52785,2CzSTQKg7RNomVePzk2NN9,George Jones,Wrong Number,I Can't Get Used To Being Lonely,12,156120,False,0.496,0.193,10,-14.424,1,0.0292,0.817,0.0,0.189,0.51,109.141,4,honky-tonk,1972,1972,year,ok
96823,6xU6i9ja5W68xPFDgh6tsa,Exaltasamba,Mais Uma Vez,Mega Star,37,259066,False,0.478,0.684,4,-9.205,1,0.0371,0.285,1.72e-05,0.288,0.286,146.906,4,samba,2000-02-11,2000,day,ok
42052,2ltE2wBl11nvJP9LvNFH6e,Miasmatic Necrosis,Apex Profane,Body Farm,18,46911,False,0.359,0.917,4,-5.394,1,0.063,4.58e-06,0.874,0.333,0.483,85.089,3,grindcore,2020-10-31,2020,day,ok
8978,01LigwR8Dn9cPqCIGIBqwv,Theodis Ealey,I'm the Man You Need,Pop That Middle,31,258986,False,0.801,0.583,1,-6.7,0,0.0535,0.00921,0.00711,0.17,0.666,102.008,4,blues,2006-11-07,2006,day,ok
51646,1AhTJuf8NnyCcXuSiEa1HP,Snoop Dogg;Pharrell Williams,Bad Boy Club,Drop It Like It's Hot,0,266706,True,0.888,0.622,1,-3.875,1,0.213,0.16,0.0,0.101,0.664,91.977,4,hip-hop,2022-10-20,2022,day,ok
103610,6OjKyUcgRXYXNMvUM2tziJ,Roy Woods,New RnB,Bad Bad,0,219563,False,0.476,0.526,9,-7.985,1,0.051,0.0737,2.99e-06,0.189,0.122,87.307,4,soul,2022-10-21,2022,day,ok
66378,5JRcZcfR4EwvF8krQTNLP8,DJ Krazy,80's & 90's Jams! Hits of the Decade,The Hamster Dance,13,209781,False,0.825,0.828,1,-9.284,0,0.0381,0.0567,0.0323,0.195,0.939,136.98,4,kids,2014-03-01,2014,day,ok
5865,0id1qkWX2s92QjBJcQZj8r,Joe Hisaishi,Spirited Away Soundtrack,The Sixth Station,57,218240,False,0.304,0.0463,4,-25.773,0,0.0353,0.879,0.803,0.0923,0.0392,77.936,4,anime,2001-07-18,2001,day,ok
44746,7FV6mYpw5uESNzvp4mtl0L,Balance And Composure,The Things We Think We're Missing,Cut Me Open,30,333493,False,0.214,0.976,0,-4.772,0,0.0566,1.72e-05,0.0019,0.107,0.336,157.007,4,grunge,2013-09-10,2013,day,ok
85369,2Vm4Uy2fsUcyRjViraNRPH,Árbol,GUAU!,Chikanorexika,40,231866,False,0.683,0.911,5,-3.332,0,0.0665,0.162,0.0,0.0726,0.879,92.003,4,punk-rock,2005-01-01,2005,day,ok
14000,5ygDXis42ncn6kYG14lEVG,Pinkfong,Pinkfong Animal Songs,Baby Shark,77,80927,False,0.829,0.886,8,-1.746,1,0.112,0.259,0.0,0.0559,0.777,115.056,4,children,2017-07-27,2017,day,ok
20683,6el8cnFNWeNhDTWeWszXBk,Megan Thee Stallion;Lucky Daye,The Look - R&B Feels,Star,0,210160,True,0.795,0.694,1,-5.053,1,0.0595,0.0183,0.000186,0.115,0.327,96.046,4,dance,2022-10-21,2022,day,ok
45164,1XEYkaVYMC6bT5LRmVn4Aq,Kiko Revatta,Ayacucho En El Corazon De Todos Vol. 1,Plegaria,29,221026,False,0.521,0.526,7,-6.87,0,0.0349,0.552,0.00156,0.198,0.577,107.663,3,guitar,1999-02-28,1999,day,ok
81104,32FVH23yFXr8Z0sfjRw4It,AP Dhillon,Two Hearts Never Break The Same,Wo Noor,72,199420,False,0.761,0.554,1,-8.119,0,0.0854,0.193,0.00844,0.0802,0.555,92.52,4,pop,2022-10-07,2022,day,ok
28649,7oK0wrAHhSYofdxg3wD8tE,Cidade Verde Sounds,Missão de Paz,Fazendeiro de Apartamento,27,220373,False,0.743,0.543,6,-7.983,1,0.111,0.1,0.0,0.246,0.499,77.215,4,dub,2013-09-17,2013,day,ok
81375,7FcQRdlqMvAKmQH1SXCk1s,Mika Singh;Ali Quli Mirza,Ishqam,Ishqam,70,194418,False,0.735,0.839,10,-4.263,0,0.0381,0.129,0.0,0.41,0.609,100.017,4,pop,2019-10-23,2019,day,ok
39582,0HlMGZylehT6pkB3ial3xV,K-Fly;Jamie Roseanne,Ein Wunsch,Ein Wunsch,42,176000,False,0.8,0.64,5,-6.648,1,0.0387,0.415,0.0,0.119,0.56,139.927,4,german,2022-09-09,2022,day,ok
54371,2WOCQriCJaM9hhDZLZihRR,Ochre,Project Caelus,Frustums,11,215893,False,0.611,0.436,1,-14.365,0,0.0313,0.469,0.965,0.232,0.204,116.989,3,idm,2018-12-17,2018,day,ok
59467,2b0oFT5Ky5NqvwvT5ELfsj,Kiawasch Sahebnassagh,Moments,Finding,0,387800,False,0.424,0.0189,7,-26.86,0,0.115,0.967,0.895,0.133,0.167,111.498,4,iranian,2004-07-07,2004,day,ok
59637,65C5BEPeaVoqaSm1aidwBS,Deathtune,Insanity,Insanity,0,249026,False,0.23,0.994,8,-2.167,1,0.396,4.13e-05,0.000325,0.0662,0.325,198.467,4,iranian,2015-09-01,2015,day,ok
35336,3EAtzgue3pgK3SvtfbyEky,Pablo,Desculpe Aí,Nível de Carência,44,165413,False,0.574,0.689,2,-4.824,1,0.0746,0.189,0.0,0.301,0.617,130.9,4,forro,2015-10-14,2015,day,ok
23948,3UZ5r4fVgvUGEWOwnTGia8,Alfred Heinrichs;Haexxa,IAM ALFRED HEINRICHS feat. Haexxa,Like a Movie feat. Haexxa,26,350892,False,0.806,0.491,9,-8.013,0,0.0474,0.00795,0.653,0.0885,0.143,140.004,4,deep-house,2022-09-30,2022,day,ok
85536,7LgxYvP8zzKSapwngbxAeU,Ultraje a Rigor,O mundo encantado do Ultraje a Rigor,Nós vamos invadir sua praia - Avenida,38,254906,False,0.509,0.97,4,-6.732,1,0.0697,0.00951,0.000234,0.0459,0.665,169.121,4,punk-rock,1987-03-25,1987,day,ok
21995,7n6FiTKMPLDZNjvmhVuxSu,Rygin King,Therapy,Maddest Life,25,165450,False,0.764,0.62,2,-6.778,1,0.341,0.511,0.0,0.109,0.36,100.147,4,dancehall,2022-09-09,2022,day,ok
69841,5WWRywfC3wfvoCvd0dRSlT,Najim Arshad;Gayatri Ashokan,Malayalam Hits Of 2012,Sugnadha Neerala - From “Friday”,20,284400,False,0.661,0.309,0,-10.558,1,0.0272,0.793,1.55e-06,0.106,0.34,94.915,4,malay,2012-01-01,2012,day,ok
99428,4Im6GRj17qa7NW76OsJh1s,John Mayer,Sob Rock,I Guess I Just Feel Like,70,286386,False,0.548,0.483,4,-9.102,1,0.0268,0.515,0.0674,0.0922,0.166,159.952,4,singer-songwriter,2021-07-16,2021,day,ok
25947,7juldJ3Bp7nwj4G8mCEM1R,Marcin Siegienczuk,Top Hits Disco Polo Vol6,Martini z Lodem,29,205984,False,0.727,0.816,5,-6.912,0,0.0369,0.000577,0.00207,0.309,0.883,126.969,4,disco,2016-06-30,2016,day,ok
103623,0of5j8ybwjDJCSaGjN8KJn,Amber Mark,Un tecito y a mimir,Generous,0,164029,False,0.831,0.542,10,-6.652,0,0.169,0.234,0.0,0.261,0.493,132.076,4,soul,2022-10-14,2022,day,ok
20682,7j3pomrNfXTUtjjdLwlIHh,Megan Thee Stallion;Future,Tic Tac - Just Rap,Pressurelicious,0,173061,True,0.845,0.723,11,-5.18,1,0.263,0.0112,0.0,0.107,0.667,146.972,4,dance,2022-10-21,2022,day,ok
70752,7255DLbds9KpfLuB78sfDi,Eason Chan,我最喜愛的Eric Kwok作品展,無人之境,15,221066,False,0.535,0.564,2,-7.224,1,0.0394,0.361,0.0,0.119,0.278,123.892,4,mandopop,2014-06-17,2014,day,ok
64466,0VJEbnSvjsoTbj5MPYAgYa,"Grover Washington, Jr.",Ultimate Calm Christmas Jazz,Santa Cruzin',0,414613,False,0.688,0.639,5,-10.068,1,0.0425,0.47,0.655,0.117,0.602,99.645,4,jazz,2022-10-19,2022,day,ok
105551,4tZbdTU2ALC8e6ZHkN6Gyn,Jobii,Runoff,Runoff,26,144797,False,0.507,0.195,5,-16.514,1,0.0756,0.874,0.92,0.111,0.0709,136.713,4,study,2019-04-26,2019,day,ok
113172,1zexNfdOpmr21LpIr09IRe,Chris Tomlin,And If Our God Is For Us... (Deluxe),Our God,39,285160,False,0.509,0.778,11,-3.608,1,0.0295,0.00998,0.0,0.19,0.216,105.066,4,world-music,2010-01-01,2010,day,ok
110956,7nudwi49ZHlgt6AtNNgVnJ,Tritonal;HALIENE;SCHALA;Jorza,Tritonia 400,Long Way Home (Tritonia 400),17,304390,False,0.584,0.77,11,-3.514,0,0.0644,0.0113,3.39e-05,0.418,0.411,129.913,4,trance,2022-10-21,2022,day,ok
30167,72gv4zhNvRVdQA0eOenCal,Clean Bandit;Zara Larsson,What Is Love? (Deluxe Edition),Symphony (feat. Zara Larsson),76,212733,False,0.715,0.605,0,-5.128,0,0.0428,0.239,1.41e-05,0.189,0.454,122.956,4,edm,2018-11-30,2018,day,ok
108537,0dHSlVVbPb7hiGdlkMv6vB,Libertad Lamarque,Caminito (Remastered),Caminito - Remastered,19,185733,False,0.48,0.101,0,-11.186,1,0.0516,0.949,1.24e-05,0.109,0.345,111.087,4,tango,2015-11-19,2015,day,ok
71588,00B7SBwrjbycLMOgAmeIU8,Red Hot Chili Peppers,Return of the Dream Canteen,Reach Out,66,251588,False,0.663,0.71,11,-5.55,0,0.0599,0.00745,0.00559,0.147,0.487,120.984,4,metal,2022-10-14,2022,day,ok
91560,3BenEWAgg15dTCiLpETlSO,The Beach Boys,Christmas Dinner 2022,God Only Knows - Mono / 1997 Remastered,0,173040,False,0.524,0.487,6,-7.525,0,0.0299,0.253,0.0,0.0579,0.482,117.108,4,rock,2022-10-07,2022,day,ok
71182,6JN0cjFT0zDRYxzqcKrvwf,Soundgarden,Hits Pop Rock 90's,Spoonman,0,246920,False,0.258,0.904,0,-5.625,1,0.0386,2.2e-05,0.218,0.255,0.832,186.054,3,metal,2022-10-14,2022,day,ok
71182,6JN0cjFT0zDRYxzqcKrvwf,Soundgarden,Hits Pop Rock 90's,Spoonman,0,246920,False,0.258,0.904,0,-5.625,1,0.0386,2.2e-05,0.218,0.255,0.832,186.054,3,metal,2022-10-14,2022,day,ok
45713,1341iPhZXVcXit72XKMMck,Babik Reinhardt,Babik joue Django,Djangologie,45,156653,False,0.656,0.397,2,-11.936,1,0.0704,0.676,0.924,0.0982,0.663,114.18,4,guitar,2003,2003,year,ok
77113,6JHmOcoeEFfCNMyQ5tfZAS,Pixote,15 Anos (Ao Vivo),Pot-Pourri: Franqueza / Tão Inocente / Tudo por Você - Ao Vivo,52,211946,False,0.471,0.8,11,-6.624,0,0.0708,0.599,0.0,0.975,0.643,82.971,4,pagode,2007-10-01,2007,day,ok
108645,57xvrlDWfqSSdQxgg0GZoD,Alfredo De Angelis;Oscar Larroca,Yo Soy El Tango,Medallita De La Suerte,18,182306,False,0.56,0.447,9,-5.644,1,0.0401,0.882,7.7e-06,0.272,0.725,129.855,4,tango,1968-11-26,1968,day,ok
52382,16S7NI4eXArXrRBirMDO09,George Jones,More Starday & Musicor Originals,You're Still On My Mind,14,137653,False,0.624,0.264,9,-16.31,1,0.0354,0.839,0.000508,0.0771,0.779,112.566,4,honky-tonk,2022-09-15,2022,day,ok
53470,0U6bQIAh6MCGo1xjbIIx2S,Dimitri Vegas & Like Mike;David Guetta;Daddy Yankee;Afro Bros;Natti Natasha;Dimitri Vegas;Like Mike,Instagram,Instagram,66,184558,True,0.765,0.906,8,-2.097,0,0.0965,0.125,0.0,0.423,0.95,96.071,4,house,2019-07-05,2019,day,ok
26338,0jS2STpgxUaUL7zaXycB0y,Katarzyna Łaska,Disney Najwieksze Przeboje (4 Vol.),Mam Tę Moc - z filmu „Kraina lodu”,24,224053,False,0.607,0.331,5,-11.481,0,0.035,0.692,0.0,0.116,0.274,137.039,4,disney,2020-11-06,2020,day,ok
50754,5TUKBnpG0UD8Et7nPf3NnW,Barilari,Abuso De Poder,Sin escrúpulos,20,239624,False,0.32,0.948,0,-3.909,0,0.117,0.000285,3.4e-05,0.0621,0.359,90.026,4,heavy-metal,2010-12-17,2010,day,ok
96541,5ofP0ayCr1BAMVxvsmyx7x,Marquinho Art'Samba;De Mangueira,Sambas De Enredo Das Escolas De Samba 2019,História Para Ninar Gente Grande,39,271453,False,0.419,0.71,3,-8.115,1,0.0654,0.101,0.0,0.0902,0.853,144.662,4,samba,2018-11-30,2018,day,ok
10706,1GcQOCeGqCzfRcFaKn6aLt,DJ Fixx,Tear Down The Club,Tear Down The Club - Original Mix,12,249600,False,0.627,0.78,8,-5.429,1,0.0518,0.00142,0.0308,0.0989,0.297,150.007,4,breakbeat,2022-06-17,2022,day,ok
35661,0e7BL4OGdfXsuF8YzHF5SW,Biu do Piseiro,A Pressão Mundial Continua,Tô na Vaquejada,40,194507,False,0.688,0.937,2,-4.438,0,0.0464,0.507,0.00113,0.138,0.805,170.011,4,forro,2021-07-14,2021,day,ok
40336,39EapDoz0JHCTSDXqMgy1M,Fredy Miller,Não Mais Escravos,Não Mais Escravos,43,288141,False,0.244,0.684,10,-7.798,1,0.0384,0.0188,0.000585,0.239,0.135,73.085,4,gospel,2021-10-01,2021,day,ok
42506,7BRlRPXSBWWLCuPt6se1lZ,Rotten Sound,Suffer to Abuse,Privileged,13,84500,False,0.235,0.969,8,-2.662,1,0.0655,1.76e-06,0.586,0.22,0.0657,115.061,4,grindcore,2018-05-18,2018,day,ok
106215,66U0ASk1VHZsqIkpMjKX3B,AronChupa;Little Sis Nora,Little Swing,Little Swing,59,163809,False,0.89,0.672,7,-5.532,1,0.0621,0.707,0.000604,0.177,0.598,126.036,4,swedish,2016-02-26,2016,day,ok
74427,0RywTYPLSmDNiVOwzo0K1h,Seu Jorge;Zeca Pagodinho,"Musicas para Churrasco, Vol.1 (Ao Vivo) (Delux Edition)",Judia de Mim (Ao Vivo),42,132320,False,0.5,0.841,0,-6.456,1,0.163,0.805,0.0,0.641,0.911,126.034,4,mpb,2012-01-01,2012,day,ok
113018,584GnCDcDhRV6R8iZ7gzxC,Bethel Music;Jonathan David Helser;Melissa Helser,We Will Not Be Shaken (Live),No Longer Slaves (Spontaneous) - Live,62,373691,False,0.412,0.61,10,-7.988,1,0.0379,0.177,0.000102,0.0851,0.242,148.005,4,world-music,2015-01-26,2015,day,ok
69571,2YIdkog2dUHyTg0WfswFD7,Pina Colada Blues;Nikita Uday;Farish Reheman,Once Upon A Blue Moon,Thenale,24,361782,False,0.623,0.346,0,-15.099,1,0.0344,0.824,0.0504,0.0564,0.148,127.992,4,malay,2021-05-25,2021,day,ok
110724,40fFjxtsBoIdTEL71kbp39,Rub!k,Orbit 37,Orbit 37,46,174077,False,0.456,0.935,5,-3.03,0,0.0324,0.028,0.776,0.741,0.387,133.928,4,trance,2022-05-13,2022,day,ok
2787,2drouoeVvVzz5cRfe9VK8W,Siouxsie and the Banshees,Halloween Songs | Witches Hour,Halloween,1,221466,False,0.223,0.91,7,-7.097,1,0.08,0.0116,0.000518,0.212,0.364,171.75,4,alt-rock,2022-10-10,2022,day,ok
46780,5lPxART7HVUYga9D4WPJhM,Evil Activities;Endymion;E-Life,Extreme Audio,Broken - Album Edit,17,227761,False,0.382,0.907,4,-5.322,1,0.16,0.0652,7.01e-06,0.115,0.216,167.005,4,happy,2012-07-06,2012,day,ok
33714,31tqdc6hO91Byv18aRLhNE,Trick James,Nightmare Hills,Suicide Letter 2,55,177606,True,0.709,0.604,4,-9.048,0,0.405,0.623,0.0,0.547,0.584,82.999,4,emo,2017-11-06,2017,day,ok
18483,2J0SPCNgs4Hs9oVTrzOOBW,Patton Oswalt,Talking for Clapping,My Little Pony,23,376219,True,0.692,0.339,10,-19.111,1,0.959,0.831,0.0,0.697,0.575,136.475,3,comedy,2017-08-25,2017,day,ok
61843,0HHVxCfDlSWYgVcdhZypsn,NGT48,世界はどこまで青空なのか?(Special Edition),ナニカガイル,19,218400,False,0.52,0.901,5,-3.295,1,0.0641,0.035,0.0,0.163,0.886,168.899,4,j-idol,2017-12-05,2017,day,ok
70526,7geIT54duCCwpJWQCPSZg7,許光漢,許光漢,別再想見我,52,270153,False,0.437,0.417,8,-7.749,1,0.0285,0.724,3.58e-06,0.1,0.427,141.849,4,mandopop,2021-12-06,2021,day,ok
20670,5ahT6m90wUC9gnnwvEz30d,Megan Thee Stallion;Future,Hits à suivre 2022,Pressurelicious,1,173061,True,0.845,0.723,11,-5.18,1,0.263,0.0112,0.0,0.107,0.667,146.972,4,dance,2022-10-07,2022,day,ok
29724,2yPhGXiLZJrzqy6v7Km4WQ,Far Out,Origin,Origin,41,193591,False,0.319,0.865,2,-3.7,1,0.107,0.19,0.699,0.0823,0.164,153.962,4,dubstep,2018-09-21,2018,day,ok
20260,0dwDNr5clVpBM0R6HCGnqx,Charlie Puth;Jung Kook,Upbeat Pop,Left and Right,0,154486,False,0.881,0.592,2,-4.898,1,0.0324,0.619,1.32e-05,0.0901,0.719,101.058,4,dance,2023-02-01,2023,day,ok
33473,51jmkr4qNh3c8LkRO7ok8N,FACE,NO LOVE,Красной помадой,51,247989,True,0.834,0.517,7,-9.095,1,0.0603,0.77,0.0,0.0873,0.147,131.934,4,emo,2017-09-10,2017,day,ok
111296,446YddChoGaW3xew9cTX1d,The Orb,Adventures Beyond The Ultraworld,Perpetual Dawn,23,572293,False,0.798,0.786,11,-14.631,0,0.0545,0.0168,0.293,0.216,0.38,102.741,4,trip-hop,1991-04-02,1991,day,ok
20340,5Kp7q6pTH8NW4bsxuANUpe,Shawn Mendes,Tutti in piscina Canzoni per bambini,Stitches,1,206879,False,0.736,0.74,10,-6.662,0,0.0912,0.0174,0.0,0.0481,0.737,74.99,4,dance,2022-10-06,2022,day,ok
53605,3Nku6gLNqnwUuq8GLkqyhW,Armin van Buuren;Vini Vici;Hilight Tribe,Great Spirit,Great Spirit,66,215773,False,0.592,0.911,9,-7.975,1,0.0659,0.00608,0.0123,0.223,0.211,103.517,3,house,2016-12-12,2016,day,ok
74367,3FJAek4sGsxgDzrK9FA1b5,Elba Ramalho;Geraldo Azevedo,Maxximum - O Melhor Do Grande Encontro,Dia Branco (Ao Vivo),43,166400,False,0.369,0.359,9,-9.284,1,0.0317,0.845,0.0,0.844,0.193,102.691,3,mpb,2006-10-16,2006,day,ok
52577,0444nJqtS1f9Ol77KiJHKt,Ray Price,Night Life,Let Me Talk to You,13,182560,False,0.371,0.203,8,-14.63,1,0.0366,0.928,0.000351,0.325,0.264,84.841,4,honky-tonk,1963,1963,year,ok
90442,1SdwywRhxTWnZdaUihMdeD,Los Teen Tops,La Gran Coleccion Del 60 Aniversario CBS - Los Teen Tops,"La Plaga (Good Golly, Miss Molly)",34,132933,False,0.337,0.857,2,-7.037,1,0.0662,0.188,3.22e-05,0.626,0.96,182.885,4,rock-n-roll,2007-03-21,2007,day,ok
6411,5zcNcMFtlo2ikzUyGwDt9e,Kvaen;Mathias Lillmåns,The Great Below,The Fire Within Him Burns,19,321219,False,0.201,0.824,11,-13.332,0,0.0776,2.43e-05,0.00159,0.0991,0.0648,179.998,4,black-metal,2022-03-25,2022,day,ok
886,2Z8oSkHTEJedqb1rsgpLih,Covers Culture,Chill Vibes - Just Chill & Relax - Relaxing Covers Songs - Chill Pop Music Hits - Chill Music - Chill Songs - Chilled - Chill Out Pop - Chillout Music - Best Chill Songs - Acoustic Chill,SOS - Acoustic Covers Versions,26,149610,False,0.351,0.109,7,-11.997,0,0.0435,0.879,0.0,0.158,0.64,76.851,4,acoustic,2022-09-28,2022,day,ok
58004,2bPGTMB5sFfFYQ2YvSmup0,Rammstein,Rammstein,Deutschland,77,322339,False,0.521,0.895,7,-5.242,1,0.0442,5.54e-05,0.349,0.0985,0.237,120.117,4,industrial,2019-05-17,2019,day,ok
44675,3AoSuIey90cH9PI8HUoHOQ,Sixx:A.M.,The Heroin Diaries Soundtrack,Life is Beautiful,62,215000,False,0.474,0.895,2,-4.443,0,0.0628,0.000254,0.000177,0.088,0.399,89.998,4,grunge,2008-06-10,2008,day,ok
67716,5v5AEsqd3fGCl7V8POx1BQ,Mariah Angeliq,Ya huele a buñuelos,Last Christmas,0,217893,False,0.745,0.812,0,-5.77,1,0.0254,0.0954,0.0,0.0473,0.968,112.026,4,latin,2022-10-21,2022,day,ok
51199,0bhhXULPNfCsVhZp35HrC3,Daddy Yankee,El perreo es el futuro,Dura,0,200480,False,0.783,0.84,1,-3.416,1,0.051,0.174,0.0,0.412,0.838,95.002,4,hip-hop,2022-10-21,2022,day,ok
8588,2ZNk1ymMNXmVaIh344VQhe,Tucka,Long Live the King,Til the Sun Comes Up,36,279626,False,0.814,0.66,3,-4.099,0,0.0339,0.257,0.0,0.144,0.967,110.048,4,blues,2016-07-21,2016,day,ok
83526,3ehuQZkvZVeSgbshFFZKW2,Afrojack;Black V Neck;Muni Long,Day N Night,Day N Night,63,179199,False,0.709,0.871,5,-4.126,0,0.175,0.134,0.0,0.316,0.667,125.94,4,progressive-house,2022-08-12,2022,day,ok
108635,4GwPH7PBW6rGqi8ej3cOhi,Carlos Lombardi;Los Românticos De La Noche,Lo Mejor Del Tango,Malena,18,123133,False,0.317,0.327,9,-13.577,0,0.038,0.921,0.594,0.671,0.503,116.827,4,tango,1991,1991,year,ok
58593,2Kebw90X8vgGRk2mvl9pBF,Front Line Assembly,Millennium,Vigilante,22,388466,False,0.484,0.936,6,-9.4,0,0.0504,2.23e-05,0.823,0.291,0.152,106.047,4,industrial,1994-10-10,1994,day,ok
63383,3yMgTrau91ftrziL48Q3OM,Macaroni Empitsu,メレンゲ,メレンゲ,37,238732,False,0.573,0.697,2,-3.988,1,0.0355,0.0127,0.0,0.102,0.647,103.982,4,j-rock,2021-02-12,2021,day,ok
75152,0a8JnrGsVJstKtEzJCnGgD,Jacob's Piano,4 Soundtracks,"Una Mattina (from ""The Intouchables"")",49,206000,False,0.354,0.076,9,-22.115,0,0.0545,0.982,0.839,0.149,0.0984,133.6,4,new-age,2017-04-10,2017,day,ok
37737,4PVDAebj5ADsLOBw1D9KbP,BIN;Azevedo;Mainstreet;Kizzy,Para todas as mulheres que já rimei,Fim de Nós 2,46,180000,False,0.582,0.467,5,-7.674,1,0.0367,0.183,0.0,0.0931,0.486,119.842,4,funk,2020-09-30,2020,day,ok
99995,171luCSfSTBnaIVnfTVbS6,Melike Şahin,Merhem: İlk Konserler (Live),Nasır (Live @ Zorlu PSM),42,269354,False,0.551,0.478,10,-10.58,0,0.0378,0.526,0.0,0.288,0.523,98.056,4,singer-songwriter,2022-02-25,2022,day,ok
5146,6Bl8ELAqTF3ZGHgaGJ1UkH,Belle,Belle (Original Motion Picture Soundtrack) [German Language Version],Swarms of Song - Deutsche Version,17,98242,False,0.432,0.526,4,-12.49,0,0.0612,0.0513,0.000105,0.0887,0.251,129.56,4,anime,2022-10-07,2022,day,ok
81539,2yNKDG4FgwzQuL0JUEOunR,Billie Eilish,Herbststimmung,bad guy,1,194087,False,0.701,0.425,7,-10.965,1,0.375,0.328,0.13,0.1,0.562,135.128,4,pop,2022-10-14,2022,day,ok
17496,1dbssL6Ur80M3xFJS7Tzcu,Television Personalities,And Don't The Kids Just Love It,World Of Pauline Lewis,20,158399,False,0.621,0.787,0,-8.819,1,0.0384,0.175,0.186,0.179,0.73,142.325,4,club,1981-01,1981,month,ok
51281,6dUGQzqCA18wKzVuiGttJF,Karan Aujla,Way Ahead,Game Over,64,154925,False,0.846,0.573,6,-6.005,0,0.0633,0.0437,0.0,0.0856,0.553,134.144,4,hip-hop,2022-05-10,2022,day,ok
55513,4mYrbFGkk5u3bnDhTj0jAO,Jasleen Royal,Shivaay,Raatein,49,225875,False,0.653,0.401,5,-12.029,1,0.0279,0.893,0.143,0.109,0.311,129.988,4,indian,2016-10-07,2016,day,ok
61223,4HZxK9wOmM3TF4IUttIrO2,Keyakizaka46,風に吹かれても (Special Edition),波打ち際を走らないか?,26,261799,False,0.446,0.862,5,-2.347,1,0.042,0.0319,0.0,0.284,0.512,151.976,4,j-idol,2017-10-25,2017,day,ok
106738,2ue7OlgaRqX4Uxg0OmDbAt,Larz-Kristerz,40 mil från Stureplan,Varför vill du inte ha mig?,37,190773,False,0.702,0.829,4,-5.52,1,0.0297,0.00145,0.0,0.328,0.895,132.036,4,swedish,2014-11-05,2014,day,ok
53423,4FlCXmHd0JP7ue2tK7fVC7,Clean Bandit;French The Kid;Rema,Upbeat Pop,Sad Girls,0,163472,True,0.799,0.847,5,-7.808,1,0.0956,0.254,2.14e-05,0.339,0.529,115.016,4,house,2023-02-01,2023,day,ok
13674,00GVRTIWMjYwwHEjTLclgf,Robert Hood,Internal Empire,Home,8,451533,False,0.615,0.896,11,-13.426,0,0.0542,0.014,0.888,0.148,0.36,137.675,4,chicago-house,1994,1994,year,ok
2037,71BwuaJ5VjGx9EJdrc9OX2,The Killers;Ryan Pardey,Home For Christmas 2022,Don't Shoot Me Santa,0,245106,False,0.588,0.847,8,-4.164,1,0.0705,0.0601,0.0,0.307,0.662,120.041,4,alt-rock,2022-10-18,2022,day,ok
88050,29bZ3bs505KcwIVqWFOPBS,J Balvin;Bad Bunny,Clásicos de ahora: Perreo,LA CANCIÓN,0,242573,False,0.756,0.646,7,-5.795,1,0.319,0.152,1.81e-05,0.108,0.429,176.088,4,reggae,2022-10-21,2022,day,ok
53791,4Sp0jLZN8MgPnoGDufJS7N,Alan Walker;Sabrina Carpenter;Farruko;Da Tweekaz,On My Way (Da Tweekaz Remix),On My Way - Da Tweekaz Remix,60,204198,False,0.478,0.848,1,-3.85,0,0.0431,0.0934,0.0,0.0925,0.48,149.936,4,house,2019-06-25,2019,day,ok
36702,7Bz5B6hEU5TS145QYTfc3k,Soolking;Boro Boro,Suavemente,Suavemente,73,157714,True,0.854,0.682,7,-5.212,1,0.053,0.335,0.000926,0.0569,0.507,140.019,4,french,2022-04-21,2022,day,ok
36689,5zBKLL980Mcy80pgH7Lb4U,Sergent Garcia,La Semilla Escondida,El Regreso,33,537066,False,0.877,0.773,7,-3.118,1,0.0352,0.154,0.000414,0.0889,0.796,99.951,4,french,2003-09-26,2003,day,ok
9341,2KezizwgtM5kC8ZQxcBf0T,Weslei Santos,Pra Todo Mundo Cantar (Ao Vivo),O Seu Amor por Mim - Ao Vivo,47,362734,False,0.459,0.399,6,-9.954,1,0.0339,0.433,0.0,0.682,0.374,139.792,3,brazil,2019-05-14,2019,day,ok
5960,5RbMlPFL4gVyEHW2lEOuzG,Sukima Switch,夏雲ノイズ,奏(かなで),62,328626,False,0.519,0.666,10,-6.163,1,0.0262,0.553,0.000169,0.0948,0.461,149.839,4,anime,2004-06-23,2004,day,ok
76431,1402Qi415TaUB0XXXqpyls,Collabro,Home (Deluxe),"Empty Chairs at Empty Tables (From ""Les Miserables"")",22,183293,False,0.264,0.13,1,-15.167,0,0.0437,0.891,0.0,0.105,0.0899,172.034,4,opera,2017-03-03,2017,day,ok
113348,6iycYNyYgphDgTsKfwpqhr,Matt Redman,Sing Like Never Before: The Essential Collection,You Never Let Go,43,277306,False,0.219,0.771,11,-5.047,1,0.0544,0.115,0.0,0.113,0.272,157.76,4,world-music,2012-01-01,2012,day,ok
26867,52hZLSS0r4MczyqvoZScIt,Alan Menken;Disney,A Pequena Sereia (Trilha Sonora Original em Português),Fogos de Artifícios,20,38040,False,0.224,0.0651,7,-22.713,1,0.0469,0.521,0.599,0.188,0.0936,117.235,4,disney,2022-04-22,2022,day,ok
104998,5ZfnMTxigllIu1aGgyfYWF,"Ana Torroja;Sasha, Benny y Erik",Conexión (En Vivo),50 Palabras 60 Palabras o 100 - En Vivo,27,237813,False,0.413,0.688,2,-8.694,1,0.035,0.0215,0.000201,0.973,0.269,104.566,4,spanish,2015,2015,year,ok
66047,1cAHzi5BEJv94qAKdWM51X,Cooltime Kids,Oh Santa! Kids Christmas Songs,Jingle Bell Rock,0,130240,False,0.87,0.572,3,-4.671,1,0.0388,0.687,0.0,0.091,0.697,122.923,4,kids,2022-10-20,2022,day,ok
70548,5U7jIV7kh5iHKgUgslSgKB,吳青峰;微光古樂集,馬拉美的星期二,(......小小牧羊人)(feat. 微光古樂集),42,228916,False,0.606,0.31,3,-11.111,1,0.0289,0.936,0.000213,0.281,0.22,140.293,4,mandopop,2022-09-29,2022,day,ok
97176,1L3Fy1mYwpgFyv3Pr4bAQa,Henrique & Juliano,O Céu Explica Tudo (Ao Vivo),Maquiagem Não Disfarça - Ao Vivo,53,171573,False,0.584,0.827,9,-5.717,0,0.245,0.22,0.0,0.863,0.454,174.108,4,sertanejo,2017-07-07,2017,day,ok
362,6xXvAzowcCQmoKdDr1oIFJ,Amber Leigh Irish,Simply Acoustic,2002 - Acoustic,57,145056,False,0.589,0.296,0,-9.335,1,0.083,0.842,0.0,0.0736,0.611,165.799,3,acoustic,2018-08-24,2018,day,ok
103343,75CDuNCwcUf4CpOCIGyikr,The Jackson 5,The Very Best Christmas Songs 2022,I Saw Mommy Kissing Santa Claus,0,181360,False,0.582,0.705,3,-8.169,1,0.0539,0.29,1.38e-06,0.797,0.64,128.89,4,soul,2022-10-20,2022,day,ok
76332,5vdSqprqxSFAJ4dJmJYImI,Amira Willighagen;Corlea,With All My Heart,Amazing Grace (feat. Corlea) - Live,24,317135,False,0.113,0.478,3,-10.158,1,0.0381,0.814,3.83e-06,0.661,0.178,85.166,4,opera,2018-05-25,2018,day,ok
108671,01ZAjuOp09OWWEoNBTmJ8R,Julio Martel;Alfredo De Angelis,Flores del Alma,Atenti Pebeta - Remasterizado,18,146050,False,0.623,0.45,3,-8.347,1,0.0974,0.924,0.0,0.104,0.892,129.024,4,tango,2017-11-27,2017,day,ok
51104,4hzDCJUFDyk66oIBirPiCl,DIVINE,Gunehgar,Gunehgar,65,163404,False,0.643,0.906,1,-4.15,1,0.31,0.105,0.0,0.861,0.541,94.259,4,hip-hop,2022-09-16,2022,day,ok
27715,4yVAwzmVAPuBVGiPSJPRXq,State of Mind,Regurgitator / Real McCoy,Real McCoy,17,370853,False,0.527,0.899,8,-8.211,1,0.107,0.000165,0.734,0.415,0.454,175.034,4,drum-and-bass,2005-10-10,2005,day,ok
61179,0vFaWaqU8AGed1slnaP1rn,BiSH,GOiNG TO DESTRUCTiON,STAR,27,247193,False,0.457,0.841,10,-4.252,1,0.0354,0.000791,0.00113,0.399,0.613,140.134,4,j-idol,2021-08-04,2021,day,ok
67550,0GzuHFG4Ql6DoyxFRnIk3F,Maluma;The Weeknd,Hawái (Remix),Hawái - Remix,72,200481,False,0.766,0.788,6,-3.128,0,0.312,0.105,5.81e-06,0.142,0.609,179.984,4,latin,2020-11-05,2020,day,ok
23168,3Tu1j8B9SO8i8VSjd9d2kB,James Hype;Tita Lau,B2B,Disconnected,27,194523,False,0.842,0.811,2,-6.476,1,0.109,0.00579,0.176,0.0702,0.594,125.995,4,deep-house,2022-10-14,2022,day,ok
27232,4tElcYfEro42oZe7X6AbEf,Sub Focus;Wilkinson;Empara Mi,Portals,Freedom - Sub Focus & Wilkinson,52,242946,False,0.357,0.837,0,-4.083,1,0.0458,0.0213,8.63e-06,0.298,0.0395,174.096,4,drum-and-bass,2020-10-09,2020,day,ok
91337,0FrFqoPT7JB0ezIU9g2OLC,Deftones,Metal,Ohms,0,250222,False,0.112,0.978,4,-2.64,1,0.117,0.000108,0.0241,0.117,0.371,173.097,3,rock,2022-10-21,2022,day,ok
19164,1SXRVPBqTOBlcMSbYwHfFH,Blake Shelton,New Country,Come Back as a Country Boy,1,221733,False,0.494,0.796,7,-3.965,0,0.0324,0.0197,0.000178,0.309,0.447,76.069,4,country,2022-10-07,2022,day,ok
57461,7Gn4vU9RUHYV5aA1gMJSPV,Ritviz,Dev,Pran,48,221538,False,0.619,0.484,1,-8.715,1,0.0572,0.116,0.000121,0.19,0.61,90.916,4,indie,2021-07-09,2021,day,ok
57461,7Gn4vU9RUHYV5aA1gMJSPV,Ritviz,Dev,Pran,48,221538,False,0.619,0.484,1,-8.715,1,0.0572,0.116,0.000121,0.19,0.61,90.916,4,indie,2021-07-09,2021,day,ok
45870,19CV2Mzx9j5tZBdYqbxdtQ,Eddy Tyler,Guitar Instrumental Covers,Zombie,37,300025,False,0.585,0.4,4,-11.811,0,0.0347,0.832,0.875,0.116,0.197,82.025,4,guitar,2020-01-26,2020,day,ok
95165,2eztVQcSsEfOUhcSIZmLaM,Frankie Ruiz,The Very Best (Vol. 2),Primero Fui Yo,34,290960,False,0.772,0.571,0,-10.234,1,0.0325,0.251,0.000173,0.0326,0.96,97.427,4,salsa,1998-02-25,1998,day,ok
66281,68U5E3MAmeAzN2dLsWJYG3,Desmond Dennis,Cool Kids Jams 4,I Want Tacos,15,192174,False,0.71,0.435,6,-5.396,0,0.0557,0.31,0.0,0.0679,0.474,68.134,4,kids,2019-10-30,2019,day,ok
108456,0Hnne5lFK5ppt6UO4BzYjc,Julieta Laso,Martingala,Las Tribus,20,225771,False,0.568,0.391,4,-8.827,0,0.0295,0.43,0.000156,0.111,0.343,97.943,4,tango,2018-11-02,2018,day,ok
47514,3MjrueDQKVr6xDDseZwhEd,Royal Blood,Royal Blood,Figure It Out,67,183602,False,0.658,0.814,0,-4.631,1,0.0558,0.229,0.00676,0.216,0.69,108.016,4,hard-rock,2014-08-18,2014,day,ok
58691,1UR0RbyH4bKoovDNnGd53G,Psychostick,IV: Revenge of the Vengeance,Quack Kills,24,209001,True,0.663,0.706,2,-6.196,1,0.318,0.000952,9.68e-05,0.236,0.466,98.444,4,industrial,2014-11-04,2014,day,ok
75559,3qKcnyDELdhl8wUUKh7taa,Achillea,The Nine Worlds,Land of the Elves,44,144626,False,0.427,0.108,5,-20.024,0,0.0346,0.856,0.383,0.123,0.0377,119.723,4,new-age,2005-08-01,2005,day,ok
35089,4pXddXwuJsDcmHR8k3YGNT,Vitor Fernandes,Piseiro Apaixonado,Aliança,49,218098,False,0.548,0.728,6,-5.234,1,0.0373,0.263,0.00788,0.101,0.831,162.058,4,forro,2021-02-04,2021,day,ok
69140,36W9uGXk3QlW6ZyTKSMcI9,Sachin Warrier;Job Kurian;Sayanora,Hits of Sachin Warrier,"Thaazhe Nee Tharame - From ""Thira""",40,171126,False,0.509,0.475,5,-8.994,0,0.0382,0.506,0.00383,0.168,0.173,135.31,4,malay,2018-09-24,2018,day,ok
80019,0tpwqQhdfJXRcUDSNRjb9O,Arijit Singh;Neeti Mohan;Rashmi Virag,"Mere Yaaraa (From ""Sooryavanshi"")","Mere Yaaraa (From ""Sooryavanshi"")",73,285163,False,0.324,0.539,2,-8.076,1,0.038,0.713,3.15e-05,0.118,0.486,120.526,4,pop-film,2021-10-27,2021,day,ok
68705,6hf0RpxTbOprT5nnwzkk8e,J Balvin;Maria Becerra,Qué Más Pues?,Qué Más Pues?,76,217773,False,0.891,0.819,8,-3.964,1,0.106,0.0261,0.000354,0.173,0.768,101.968,4,latino,2021-05-28,2021,day,ok
75540,3UPxTUgfoxubx8fC3wOJ0P,Dan Gibson's Solitudes,Dolphin Dreams,Angels of the Reef,22,350201,False,0.117,0.11,5,-26.081,1,0.0442,0.977,0.741,0.702,0.0449,83.687,4,new-age,2006,2006,year,ok
49784,3ivmnDVeJKCJjkRMNe3Dt2,The Prophet,The Hardcore Archive Part 3 (1997),Catch Me In Your Dreams - Original Mix,0,225388,False,0.552,0.946,2,-5.29,1,0.0927,0.000492,0.264,0.0767,0.282,162.968,4,hardstyle,2022-10-21,2022,day,ok
110846,2wnoCQPbacTlzLcbTs7KhX,NG Rezonance,"Syncopy Radio Edits, Vol. 2",Equilibrium - Radio Edit,29,138620,False,0.582,0.994,10,-5.548,0,0.242,0.00017,0.895,0.335,0.0393,145.005,4,trance,2022-09-01,2022,day,ok
104650,1s46xFwjfRUkRlPlX3PwPk,Abraham Mateo;50 Cent;Austin Mahone,Háblame Bajito,Háblame Bajito,55,270693,False,0.791,0.646,11,-4.598,1,0.117,0.135,1.33e-05,0.16,0.256,92.026,4,spanish,2017-12-07,2017,day,ok
74988,2PmMV9rGSDac68IaRmNv5Q,Walter Franco,Vela Aberta,Vela Aberta,38,252013,False,0.572,0.745,7,-8.642,1,0.0444,0.0895,8.64e-06,0.147,0.855,138.329,4,mpb,1980-03-07,1980,day,ok
7128,1lCZCeNWATY0JHYgH19zyI,Mountain Sprout,One More For The Ditch,Dry Counties,29,224373,False,0.533,0.841,2,-4.418,1,0.0315,0.126,0.000212,0.184,0.97,122.132,4,bluegrass,2007-01-01,2007,day,ok
66626,1g54Kfpkw2ZetZdRXdUmaD,Christopher Zondaflex Tyler,Mr Chris Hip Hop Dance Moves,Wake Up,11,170946,False,0.653,0.298,1,-15.499,1,0.439,0.0444,0.0,0.103,0.812,90.148,4,kids,2011-09-08,2011,day,ok
78741,2tY8OoNxbY4mR3sNRFzKBG,Chaos Team;Andy Luxx;Alex Engel,DJ Cashi präsentiert Mallora Closing 2022 powered by Xtreme Sound,Wahre Liebe,0,175171,False,0.732,0.92,7,-4.533,1,0.083,0.0668,6.11e-06,0.345,0.408,150.022,4,party,2022-10-07,2022,day,ok
70769,4OukDE7pBKhCV4YYeYhnjq,Olivia Ong,A Girl Meets Bossanova,Fly Me to the Moon,46,186133,False,0.629,0.38,9,-10.874,1,0.0317,0.934,0.000693,0.103,0.232,114.854,4,mandopop,2012-08-19,2012,day,ok
38536,1Qd5izEmKI7jIhoNDYwcAF,WAAX,Big Grief,Big Grief,28,163360,False,0.508,0.888,0,-3.911,1,0.0393,9.21e-06,0.00137,0.0858,0.325,126.015,4,garage,2019-08-23,2019,day,ok
29413,0qwMoAstkTXlWE8lQJBRzY,SLANDER;Crankdat;Asking Alexandria,Kneel Before Me,Kneel Before Me,54,201600,False,0.596,0.97,11,-2.7,0,0.0691,0.00208,0.00419,0.101,0.279,150.003,4,dubstep,2018-08-09,2018,day,ok
52677,6qnevstsEfllYX8BJFirS4,George Jones;The Jones Boys,Sings More New Favorites,Not What I Had In Mind,12,144853,False,0.735,0.392,11,-8.235,1,0.0281,0.542,0.0,0.125,0.758,119.449,4,honky-tonk,1964-01-01,1964,day,ok
48663,3dysNqzNtD4bhiI8tMJ4Vm,Emery,The Weak's End,Fractions,30,314026,False,0.414,0.828,1,-4.893,1,0.0477,0.0372,3.64e-06,0.172,0.306,154.017,3,hardcore,2004-01-01,2004,day,ok
63662,1HJE27oUlGohZL9aYhEtPC,Tompi,Romansa,Cerita Kita,35,279520,False,0.48,0.32,0,-10.39,1,0.0312,0.726,0.000343,0.107,0.0877,143.991,4,j-rock,2016-11-02,2016,day,ok
97754,3i4ssEZfLO3bgaB6hnj3tp,Matheus & Kauan,Tem Moda Pra Tudo (Ao Vivo),Baixinha - Ao Vivo,45,156704,False,0.74,0.545,3,-8.204,1,0.0403,0.656,0.0,0.165,0.829,103.982,4,sertanejo,2019-03-22,2019,day,ok
39494,2Hz403eAzJ8BTGZX0PkgIP,Mickie Krause,Karneval Klassiker,Nur noch Schuhe an! - Masken-Version,0,225493,False,0.503,0.951,11,-3.52,1,0.139,0.0216,0.0,0.759,0.664,146.949,4,german,2022-10-13,2022,day,ok
68721,48AJSd42lXpicsGqcgopof,Daddy Yankee;Bad Bunny,LEGENDADDY,X ÚLTIMA VEZ,85,192477,True,0.812,0.855,7,-3.725,1,0.0554,0.0789,0.000167,0.108,0.573,90.04,4,latino,2022-03-25,2022,day,ok
16558,6mbHaLohxTHM1HtI7XdJYl,Kishori Amonkar,"Vishnu Sahasranamavali, Vol. 1",Shri Vishnu Dhyanam,32,107733,False,0.179,0.0538,11,-18.765,1,0.0343,0.967,1.66e-05,0.355,0.115,90.381,1,classical,1991,1991,year,ok
100419,0q7u1QUZmKDTTa4WekSLST,Nationalteatern,Livet är en fest,Hanna från Arlöv,37,219840,False,0.588,0.422,0,-12.054,1,0.0302,0.225,0.0,0.486,0.832,123.627,4,ska,1974,1974,year,ok
91921,1Kl6QcGWVECHMfjqrQux5V,Christina Perri,Feeling Good - Adult Pop Favorites,arms,0,261213,False,0.463,0.755,4,-7.244,1,0.0634,0.11,4.89e-06,0.103,0.252,145.312,4,rock,2022-10-14,2022,day,ok
18529,1COv0Vy5mrUMKrCXQI07qP,Jason Manford,A Different Stage,"This Is The Moment - From ""Jekyll And Hyde""",23,219240,False,0.399,0.223,5,-11.461,1,0.0298,0.594,0.0,0.065,0.117,66.532,4,comedy,2017-10-06,2017,day,ok
32004,0lYBSQXN6rCTvUZvg9S0lU,DJ Snake;Justin Bieber,Encore,Let Me Love You,84,205946,False,0.649,0.716,8,-5.371,1,0.0349,0.0863,2.63e-05,0.135,0.163,99.988,4,electronic,2016-08-05,2016,day,ok
50414,030Et3kzlh9pt6oFrUEVxE,Aonikenk,Sentir Metalero,Sentir Metalero,23,178053,False,0.285,0.9,9,-4.513,0,0.0593,0.000389,2.28e-05,0.337,0.431,144.581,4,heavy-metal,2015-01-10,2015,day,ok
103968,3D8dVO2xTS63toTYrmCdCF,Aaryan Shah,Codex,Mania,50,204395,True,0.535,0.717,4,-6.133,0,0.0428,0.149,0.00015,0.149,0.31,91.006,4,soul,2022-02-25,2022,day,ok
81925,1f660M0jwz7F4qlDjTSLmO,Karan Randhawa,Phulkari,Phulkari,63,196133,False,0.547,0.785,5,-5.865,0,0.0675,0.204,0.0,0.0835,0.764,81.781,4,pop,2020-11-08,2020,day,ok
80942,0fg3tcKxZiPI6n5dZa8Dy9,Alka Yagnik;Mohammed Aziz,Bollywood Melody Queen (Alka Yagnik),"Bahut Jatate Ho Pyar (From ""Aadmi Khilona Hai"")",56,436333,False,0.593,0.61,5,-10.574,1,0.032,0.768,0.0117,0.147,0.907,133.067,4,pop-film,2016-07-01,2016,day,ok
74151,33Yl7zo5qhJXgvO4VsAQTs,Maria Bethânia,Mar De Sophia,Canto de Oxum / Inscrição,45,314026,False,0.424,0.056,4,-20.06,0,0.0517,0.898,0.000105,0.11,0.17,104.472,1,mpb,2006,2006,year,ok
11362,5ldFgs2c1efBxVNOUN2qlw,Lorne Balfe;Harriet Slater,Pennyworth: The Origin of Batman's Butler - Season 3 (Soundtrack from the HBO® Max Original Series),Candlesticks and Caravans,15,227306,False,0.523,0.447,7,-10.943,1,0.0311,0.0036,0.000331,0.107,0.0657,118.981,3,british,2022-10-07,2022,day,ok
49382,7mSKkvtSs8uWuo0GYff9qR,Zany;DV8;Galactixx,Wilde gullie bas ?! (Galactixx Remix),Wilde gullie bas ?! - Galactixx Remix Edit,23,174967,False,0.514,0.995,7,-3.451,1,0.123,0.023,0.114,0.654,0.373,155.04,4,hardstyle,2020-02-07,2020,day,ok
46199,6caNnZ1eRwa4VmjicpxnOf,Scooter,Encore - Live and Direct,Posse (I Need You On the Floor),24,303546,False,0.53,0.997,8,-4.707,0,0.0946,0.0938,0.000903,0.961,0.203,139.569,4,happy,2002-05-13,2002,day,ok
51685,4bbeXHwW95npFQuPa2D8e1,Anirudh Ravichander;Kamal Haasan,"Mathuga Mathuga (From ""Vikram Hitlist"")","Mathuga Mathuga (From ""Vikram Hitlist"")",57,211384,False,0.829,0.811,0,-5.693,1,0.392,0.321,0.0,0.056,0.919,130.034,4,hip-hop,2022-05-26,2022,day,ok
27836,1dWnVKDsE1uRpu87RLF0G4,Danny Byrd,Sick Music Sampler 2,Red Mist - VIP,16,363413,False,0.545,0.952,1,-8.133,0,0.125,0.00244,0.0377,0.267,0.527,178.007,4,drum-and-bass,2009,2009,year,ok
4148,2ZgzcSD8lWLOwWoNYFX219,Chilly Gonzales;Johannes Bornlöf,Refreshing Piano,Gogol,0,117482,False,0.382,0.014,7,-27.667,0,0.0444,0.99,0.935,0.107,0.349,162.072,4,ambient,2022-10-08,2022,day,ok
19614,1x41485hXYMS0PNICGph1X,Koe Wetzel,Harold Saul High,L.T.W.Y.H.M.,48,209849,False,0.439,0.528,9,-7.117,1,0.0262,0.398,0.0,0.0703,0.079,139.866,4,country,2019-06-21,2019,day,ok
72818,2xnlCGTDKbnnVe9sf85RXy,The Acacia Strain,3750,Smoke Ya Later,24,250693,False,0.276,0.934,6,-5.371,1,0.0716,6.41e-05,0.00219,0.297,0.307,137.128,4,metalcore,2004-07-13,2004,day,ok
104873,6T1071kNui4EUABJp4Dciq,Supersubmarina,Electroviral,Chas! Y Aparezco A Tu Lado,53,169066,False,0.669,0.884,9,-2.613,1,0.0402,0.00184,0.0,0.0676,0.963,128.018,4,spanish,2010-02-23,2010,day,ok
47927,1eoQsc67QBYVC4Pw84Lqk8,9mm Parabellum Bullet,Rock & Halloween,Vampiregirl,1,191786,False,0.378,0.934,11,-3.702,0,0.107,0.0013,0.0149,0.322,0.602,159.829,4,hard-rock,2022-10-07,2022,day,ok
43795,5bEJZOd6WCB8ohLyx2wctu,Purples,calvário,puro e simples,24,297226,False,0.362,0.4,1,-7.607,1,0.0273,0.452,6.78e-06,0.147,0.262,94.883,4,groove,2021-03-12,2021,day,ok
6062,0GoyU0X4nwqUigVwBPSDen,Mayhem,Deathcrush,Chainsaw Gutsfuck,50,212760,True,0.249,0.828,3,-10.821,0,0.0685,3.04e-06,0.951,0.112,0.279,120.23,5,black-metal,1993,1993,year,ok
23121,2rqTZrpsqlbzIz3wQ7s2Q1,Brando,Yes or No,Yes or No,64,175570,False,0.879,0.655,4,-5.602,1,0.0401,0.106,0.00397,0.131,0.67,118.025,4,deep-house,2021-03-19,2021,day,ok
8620,0zlaa4AmbFE7MVDijsyD9Q,Greta Van Fleet,The Battle at Garden’s Gate,Heat Above,67,341255,False,0.338,0.847,3,-3.692,1,0.0458,0.00881,0.00105,0.147,0.232,139.061,4,blues,2021-04-16,2021,day,ok
66594,03WUYXkJU0ZTexcRAwqOAW,Chicken Dance Mix DJ's,CHICKEN DANCE PARTY,Hokey Pokey [Deluxe],9,215040,False,0.629,0.797,8,-4.393,1,0.199,0.0218,0.0,0.107,0.708,124.874,3,kids,2011-04-15,2011,day,ok
57192,5aQe0faFOjeskrHwpleXLJ,When Chai Met Toast,Yellow Paper Daisy,Yellow Paper Daisy,55,199772,False,0.428,0.442,7,-10.485,1,0.0303,0.775,0.000132,0.0818,0.687,105.829,4,indie,2021-09-17,2021,day,ok
15838,07njv8LyAizW6MnaORtuEl,Danny G;Shiloh Dynasty,Tell Me Why (feat. Shiloh Dynasty),Tell Me Why (feat. Shiloh Dynasty),58,161016,True,0.77,0.621,1,-7.635,1,0.454,0.447,0.0,0.158,0.301,126.289,4,chill,2019-04-22,2019,day,ok
102593,36NwMJRaCy7x77xYGJiG2M,Allman Brothers Band,Fishing Music,Midnight Rider,1,177960,False,0.346,0.589,7,-9.922,1,0.036,0.21,0.00703,0.15,0.638,189.486,4,songwriter,2022-10-12,2022,day,ok
876,2vP0JcTiuYnzrBy45ACKBz,Keisha White,The Weakness In Me,The Weakness In Me,26,200720,False,0.717,0.554,7,-5.389,1,0.044,0.0592,0.0,0.11,0.324,128.039,4,acoustic,2020-03-06,2020,day,ok
8180,2gVot4EEd2oo2cA0bYJ4wW,Ella Fitzgerald,Holiday Anthems 2022,Frosty The Snowman,0,131733,False,0.579,0.502,8,-7.57,1,0.0513,0.733,0.0,0.281,0.836,76.783,4,blues,2022-10-05,2022,day,ok
40174,308mpl3G2FseXxGEjtyLIW,David Quinlan,Fogo e Glória (Ao Vivo em Curitiba),Abra os Olhos do Meu Coração - Ao Vivo em Curitiba,46,511226,False,0.333,0.765,4,-7.748,1,0.0431,0.0173,0.0,0.191,0.411,111.734,4,gospel,2001-09-10,2001,day,ok
94725,6fVazKhR05IQGpyTDnyd3L,Vwillz,Before the Storm - Night,Eyes on You,50,150151,True,0.657,0.387,8,-14.169,0,0.0782,0.508,0.0371,0.107,0.393,180.012,4,sad,2020-08-06,2020,day,ok
26621,4DTtP6afDsZaChCjNqvz2z,The Circle Session Players,The Circle Sessions: The Music of Carthay Circle - Vol. 2,Who's Afraid of the Big Bad Wolf,20,151206,False,0.722,0.415,0,-11.043,1,0.0335,0.816,0.856,0.0762,0.799,86.115,4,disney,2020-08-14,2020,day,ok
105364,4dAbCuNehX0eahmR3uXhpD,Cerwen,Dotters,Dotters,36,157000,False,0.765,0.327,7,-10.885,1,0.0648,0.98,0.942,0.115,0.56,119.989,4,study,2021-04-07,2021,day,ok
39371,00Y9r5SfbDdEjJhNg7laQr,Harold Faltermeyer;Steve Stevens,Top Gun - Motion Picture Soundtrack (Special Expanded Edition),"Top Gun Anthem - From ""Top Gun"" Original Soundtrack",62,252200,False,0.423,0.651,0,-8.741,1,0.0406,0.00799,0.618,0.31,0.14,107.011,4,german,1999-01-01,1999,day,ok
10049,6q7UC4HeG6alZZUG2TI7fd,The Chemical Brothers,Helloween Party,Go,0,260696,True,0.751,0.897,1,-3.602,1,0.0468,0.00957,2.72e-05,0.329,0.483,119.97,4,breakbeat,2022-10-07,2022,day,ok
33898,7C4sJBWxtwEVuBNQAFMRUE,PXNDX,La Revancha Del Principe Charro,Cortame Con Unas Tijeras....,35,190266,False,0.489,0.97,6,-3.832,1,0.125,0.00837,0.0,0.163,0.42,102.508,4,emo,2003-01-01,2003,day,ok
1002,7nYbKsvhM88mHCmFsAIQVp,Criolo,Fellini,Fellini,42,171989,False,0.805,0.746,1,-5.211,0,0.185,0.238,0.0,0.215,0.717,127.922,4,afrobeat,2021-01-08,2021,day,ok
99158,7mzPAftljnsFmU6131Pqcd,Aidan Bissett,Tripping Over Air,Tripping Over Air,72,182382,True,0.622,0.799,11,-4.811,1,0.0342,0.00185,1.08e-06,0.269,0.6,116.985,4,singer-songwriter,2022-09-09,2022,day,ok
45947,0IHiD8fR4ymWaVjkMtaQhn,Jesse Rice,The Pirate Sessions,Blackbeard's Ghost,20,221480,False,0.24,0.437,5,-9.174,1,0.0293,0.158,1.91e-06,0.13,0.211,71.757,4,guitar,2012-05-08,2012,day,ok
96800,6bj0aQOkcVBuI0z7yID3mm,Ruku Suna,Dadhi Pachigala Bali Kete Katha Kahesi,Dadhi Pachigala Bali Kete Katha Kahesi,24,439902,False,0.335,0.898,5,-2.364,0,0.14,0.022,6.48e-06,0.324,0.806,164.02,4,samba,2018-12-13,2018,day,ok
15934,1KO29IUHcexH583hBewKof,Sam Wills,Breathe,Breathe,60,91773,False,0.504,0.173,9,-18.548,0,0.0318,0.987,0.0755,0.355,0.116,142.113,4,chill,2021-06-04,2021,day,ok
96931,0qirbcSG0zQ2yHOup4VznY,Alcione,Maxximum - Alcione,Não dá Mais pra Segurar (Explode Coração),37,253493,False,0.329,0.501,7,-9.224,0,0.0432,0.529,0.0,0.426,0.347,95.07,4,samba,2005-08-08,2005,day,ok
97922,4T3SkqoVATAGpizjUyrMzE,Almir Sater,Almir Sater,Boiada,46,226266,False,0.421,0.346,11,-9.351,1,0.0255,0.875,9.27e-06,0.0895,0.318,95.842,3,sertanejo,2005,2005,year,ok
1155,3H4VxEjsbVroJdqIYkWE3z,Plastilina Mosh,Juan Manuel,Shampoo,28,139133,False,0.716,0.509,2,-6.926,1,0.0753,0.683,0.891,0.0884,0.374,170.117,4,afrobeat,2000-01-01,2000,day,ok
103222,3w1IGy0M8UmWfydMoD1RgE,Pink Sweat$,Coffee Chill,At My Worst,0,170344,False,0.813,0.415,0,-5.926,1,0.0349,0.777,0.0,0.131,0.667,91.921,4,soul,2022-10-07,2022,day,ok
8325,1tnZipedfyuRJlxkW8o5za,Robert Palmer,80's,Simply Irresistible,0,254293,False,0.646,0.934,9,-6.955,1,0.0531,0.129,1.03e-05,0.0443,0.698,142.616,4,blues,2022-10-21,2022,day,ok
23643,6Ob5Pv0sO42iZFUvCDlTrL,Shaun Escoffery,Shaun Escoffery,Days Like This,29,270200,False,0.682,0.822,4,-8.477,0,0.0524,0.00346,1.68e-05,0.355,0.567,108.022,4,deep-house,2002,2002,year,ok
50927,1K2fnd52EHmeDmrPfJLcyq,Doro;Udo Dirkschneider,"Magic Diamonds - Best of Rock, Ballads & Rare Treasures",Breaking the Law,19,262000,False,0.324,0.854,9,-5.599,0,0.189,0.0339,0.0,0.26,0.178,85.964,4,heavy-metal,2020-11-13,2020,day,ok
33119,2y55JzTDe2kFDChkBZUOUS,XXXTENTACION;Ski Mask The Slump God,LOOK AT ME: THE ALBUM,FUXK (feat. Ski Mask the Slump God),65,160506,True,0.767,0.71,11,-7.177,0,0.352,0.0887,3.41e-06,0.106,0.244,120.0,4,emo,2022-06-10,2022,day,ok
46445,1c5nEHOaaOlU6em1GhIsnV,The Prophet,The Hardcore Archive Part 3 (1997),I Am The Magnificent (Original Mix) - Extended Mix,0,367179,False,0.329,0.853,11,-6.488,0,0.046,0.000161,0.74,0.309,0.0708,103.933,4,happy,2022-10-21,2022,day,ok
62371,5K1m4aaPCxwnm9SKlWW1vh,Ryokuoushoku Shakai,Shout Baby,Shout Baby,62,265986,False,0.474,0.881,7,-1.846,1,0.0398,0.033,0.0,0.0513,0.587,180.0,4,j-pop,2020-02-08,2020,day,ok
57025,0YLSjVxSb5FT1Bo8Tnxr8j,Ritviz;Nucleya,Baaraat,Baaraat,66,222096,False,0.678,0.449,4,-9.379,0,0.0869,0.477,0.0,0.536,0.606,100.033,4,indie,2021-09-25,2021,day,ok
63687,0tUF5lz1WjAZPZ8crFB6kV,COMPLEX,ROMANTIC 1990 (Remastered 2012),MAJESTIC BABY,33,243693,False,0.337,0.976,1,-3.365,0,0.165,0.00047,0.000294,0.364,0.27,192.129,3,j-rock,1990-04-18,1990,day,ok
13557,1QuqHfm7NlhjUcCfDyD3yf,Paul Johnson,Psycho Kong,Psycho Kong,7,261731,False,0.752,0.967,0,-13.97,1,0.053,2.48e-05,0.932,0.17,0.886,143.216,4,chicago-house,1994-01-01,1994,day,ok
21229,6kzziVNPYISZHObx1t4P5y,Cestar;Stailok,El Humo de Tu Boca,El Humo de Tu Boca,40,180618,False,0.754,0.731,10,-4.643,0,0.0413,0.112,0.000239,0.157,0.552,97.03,4,dancehall,2020-06-19,2020,day,ok
87249,2laJdkltxYwwCJanm7yBnn,Raimundos;Érica Martins,Só as Melhores do Pop Rock Brasileiro,A mais pedida,0,233733,False,0.538,0.825,0,-4.021,1,0.0478,0.0105,1.43e-05,0.0693,0.467,125.056,4,r-n-b,2022-10-07,2022,day,ok
23546,4ajrGS4lfifvezTGfg74Hk,Inpetto;Aribo,"Electronic Club Charts, Vol. 1",Somehow,0,190476,False,0.628,0.724,0,-5.03,1,0.049,0.0925,0.0,0.0853,0.515,126.019,4,deep-house,2022-10-14,2022,day,ok
81168,6fScgF2Y63ScU73nYju0ny,Atif Aslam;Arko,"O Saathi (From ""Baaghi 2"")",O Saathi,71,251818,False,0.481,0.496,8,-7.421,1,0.0262,0.588,0.0,0.132,0.453,89.839,4,pop,2018-03-09,2018,day,ok
32541,0KeeKjwx7JqeHlQjXnHpL9,Francisca Valenzuela,SALÚ,SALÚ,39,200453,False,0.706,0.868,7,-3.746,1,0.0267,0.00358,0.0,0.317,0.767,129.975,4,electronic,2021-12-10,2021,day,ok
56382,76YSWx6L6FNsuaP6GWBb8P,Labrinth;Zendaya,Imagination & the Misfit Kid,All For Us,72,191710,False,0.46,0.66,3,-6.642,1,0.0652,0.0108,0.000139,0.34,0.18,141.722,4,indie-pop,2019-11-21,2019,day,ok
67814,2kwV1oVEb9mLkGbFaQX4zU,Bad Gyal,FELIZ CUMPLEAÑOS,La Prendo,2,181986,False,0.917,0.776,9,-2.248,0,0.154,0.0464,5.54e-05,0.08,0.656,114.941,4,latin,2022-10-06,2022,day,ok
28719,45PEs9rgK7Q4gcxwOsPM4o,Virtual Riot;Modestep;FRANK ZUMMO,This Could Be Us,This Could Be Us,45,308400,False,0.526,0.896,3,-3.598,0,0.0455,0.000459,0.00102,0.119,0.424,150.075,4,dub,2021-07-30,2021,day,ok
21814,4S0UUI7C5TRoktM4gnkh06,Shatta Wale,ON GOD,ON GOD,47,195056,True,0.64,0.542,5,-10.288,0,0.508,0.603,0.0,0.137,0.578,123.222,5,dancehall,2022-05-05,2022,day,ok
80791,3JXi13LlcYzagKRNokd3Zt,Harris Jayaraj;Bhavatharini;Tippu;Dhanush;Abhay Jodhpurkar,Anegan (Original Motion Picture Soundtrack),Aathadi Aathadi,57,352426,False,0.753,0.449,7,-7.631,1,0.0288,0.347,0.0,0.219,0.557,134.891,3,pop-film,2014-11-10,2014,day,ok
52014,7bvGIJWvOwCc1VOr9Lkwn7,James Hand,Shadow On The Ground,Floor To Crawl,26,169000,False,0.64,0.499,9,-8.219,1,0.0287,0.725,4.34e-05,0.0892,0.655,126.888,4,honky-tonk,2009-09-08,2009,day,ok
89969,42lpuSQmnLUM1ZXJVzIVOi,Camilo,Mis Manos,KESI,70,177255,False,0.889,0.756,4,-4.23,1,0.056,0.132,0.0,0.0996,0.918,122.905,4,reggaeton,2021-03-04,2021,day,ok
14499,6EeYBu8RautSHkqJeWgKff,Sweet Little Band,Bob Marley For Babies,No Woman No Cry,33,223477,False,0.6,0.185,1,-16.663,1,0.0281,0.567,0.928,0.1,0.344,155.912,4,children,2011-02-25,2011,day,ok
20364,62ke5zFUJN6RvtXZgVH0F8,Paloma Faith,A Perfect Contradiction (Outsiders' Expanded Edition),Only Love Can Hurt Like This,87,232893,False,0.566,0.885,8,-4.528,1,0.0818,0.0958,9.97e-05,0.334,0.304,90.99,4,dance,2014-03-10,2014,day,ok
55613,3oSood6sgulWxhrkTJvXbH,H Dixit;Lofi Person,Endless Love Mashup 2022 Lofi (Slowed & Reverb),Endless Love Mashup 2022 Lofi (Slowed & Reverb),45,281727,False,0.29,0.388,0,-12.525,0,0.0468,0.635,0.0421,0.136,0.132,81.936,1,indian,2022-03-01,2022,day,ok
106635,2HgpSCBlaSwOWeN3n2VsZ2,Sofia Karlsson;Mattias Pérez;Daniel Ek;Jakob Algesten,Reason to Believe,Reason to Believe,36,194000,False,0.339,0.429,0,-9.725,1,0.0402,0.493,0.000171,0.123,0.432,78.763,4,swedish,2019-08-16,2019,day,ok
31762,73ucpKq91TuejrLHgzDNHK,Rita Ora,Poison,Poison,68,202906,False,0.579,0.738,10,-5.711,1,0.0542,0.0821,1.52e-06,0.232,0.431,124.023,4,electro,2015-05-18,2015,day,ok
51677,3FHl1QYu76zguwjqhqcglX,Sukhwinder Singh;Shreya Ghoshal;Vikram Montrose,"Kar Har Maidaan Fateh (From ""Sanju"")","Kar Har Maidaan Fateh (From ""Sanju"")",59,312157,False,0.557,0.821,1,-7.794,0,0.0573,0.0189,0.0,0.0863,0.184,170.022,4,hip-hop,2018-06-10,2018,day,ok
34137,2DxsGXCFkJvTz7Dv8lgOhd,Runa Laila,Gharaonda,Tumhen Ho Na Ho,46,313186,False,0.313,0.47,1,-11.142,1,0.0376,0.847,5.86e-06,0.0663,0.718,86.684,4,folk,1977-01-01,1977,day,ok
54600,7hKjFE33KtlOy2tPvsBXQF,Stumbleine,Echo Chamber,Comatose,29,222000,False,0.403,0.508,6,-11.019,1,0.0335,0.199,0.84,0.0826,0.133,114.989,4,idm,2016-12-01,2016,day,ok
60063,6JLms20xagDkDJ1K9bUqDV,ØMI,ANSWER...,You (Prod. SUGA of BTS),43,187364,False,0.676,0.477,8,-8.967,1,0.0545,0.0423,0.0,0.0678,0.521,135.888,4,j-dance,2022-02-02,2022,day,ok
11619,1oTvT8s4iPUJZOR9uUCu7t,Peppa Pig,Roller Disco,Roller Disco,47,196754,False,0.861,0.752,9,-6.829,0,0.143,0.0872,0.0,0.0537,0.811,124.026,4,british,2022-05-20,2022,day,ok
38524,0pZbMX8nnYzqPVIVDpuTwm,The Smith Street Band;Tim Rogers;Laura Stevenson,More Scared Of You Than You Are Of Me,Run Into The World,28,295840,True,0.561,0.462,6,-5.445,1,0.0331,0.237,0.0,0.354,0.533,150.318,4,garage,2017-04-07,2017,day,ok
44861,27cHwY7UTuadZD5XfoxxpI,Shaman's Harvest,Smokin' Hearts & Broken Guns (Deluxe Edition),Ten Million Voices,52,238226,False,0.498,0.709,0,-3.135,0,0.0325,0.00815,0.0,0.127,0.439,112.628,4,grunge,2015-04-27,2015,day,ok
33940,2wEORIRuWHDESxHOPUZ4dq,Medooza;PAWLIE POIZN,Starý Kazety,Starý Kazety,33,267977,False,0.718,0.526,7,-9.523,0,0.0597,0.735,0.0,0.12,0.697,144.065,4,emo,2021-12-29,2021,day,ok
63542,1RFTlrpmEUyBpkaW6mfrxQ,BOØWY,"""GIGS"" CASE OF BOφWY COMPLETE (Live From ""Gigs"" Case Of Boowy / 1987)","RATS - FROM ""GIGS"" CASE OF BOOWY",34,159600,False,0.258,0.985,0,-3.376,1,0.157,0.0202,0.000308,0.432,0.382,176.952,4,j-rock,2007,2007,year,ok
87,2z2JKNU24UEngb4joR9p8f,KT Tunstall,Slow Christmas Songs 2022,Lonely This Christmas,0,257493,False,0.409,0.153,6,-10.74,0,0.0306,0.939,2.56e-05,0.108,0.18,85.262,4,acoustic,2022-10-18,2022,day,ok
67836,05tQHifEgbVLavnO3GcuxN,Chino & Nacho,Halloween 2022 Pop Vol. 2,Niña Bonita - Remastered 2020,0,215960,False,0.666,0.921,9,-5.462,1,0.138,0.226,0.0,0.15,0.723,120.03,4,latin,2022-10-14,2022,day,ok
2259,11LmqTE2naFULdEP94AUBa,Nirvana,In Utero - 20th Anniversary - Deluxe Edition,Heart-Shaped Box,79,281160,False,0.256,0.641,1,-10.283,1,0.0552,0.199,0.0329,0.0853,0.382,203.006,4,alt-rock,1993-09-21,1993,day,ok
48489,2tjkrsxIGGJzJAnaUHYjtQ,Scooter,20 Years of Hardcore (Remastered),Call Me Mañana,32,219946,False,0.513,0.999,9,-5.894,0,0.166,0.00217,0.105,0.697,0.156,143.039,4,hardcore,2013-10-11,2013,day,ok
6245,5CovP9I0W4yqDbcdvctIJV,Midnight,Let There Be Witchery,Let There Be Sodomy,20,202706,False,0.211,0.991,6,-5.864,0,0.116,7.93e-06,0.352,0.328,0.217,145.038,4,black-metal,2022-03-04,2022,day,ok
28814,3ZNhFhshMLjGQraO4pvpDR,Danny Olson;Vo Williams,Night Falls,Night Falls,39,225705,False,0.627,0.921,4,-4.859,1,0.189,0.0315,3.37e-06,0.0699,0.392,170.028,4,dub,2022-01-19,2022,day,ok
2783,6TeJ52WYcJT92bO95BY17u,Siouxsie and the Banshees,Halloween Scary Party,Halloween,0,221466,False,0.223,0.91,7,-7.097,1,0.08,0.0116,0.000518,0.212,0.364,171.75,4,alt-rock,2022-10-21,2022,day,ok
58717,6Kd4iGylMjrpr1xVbuYKVw,JPEGMAFIA,black ben carson,the 27 club,54,236439,True,0.523,0.662,1,-6.923,1,0.141,0.51,0.000198,0.653,0.542,101.207,4,industrial,2016-02-15,2016,day,ok
70005,46fURCnWErjFdNM2yBJ2c8,Eric Chou,如果雨之後,永不失聯的愛,64,259600,False,0.289,0.43,10,-6.818,1,0.0332,0.624,0.0,0.101,0.531,169.511,4,mandopop,2017-12-15,2017,day,ok
32041,2Db4RDun4YmjGcypDB8Av3,DJ Snake;Justin Bieber,Weekend Baby,Let Me Love You,0,205946,False,0.475,0.715,8,-5.371,1,0.058,0.0863,2.67e-05,0.135,0.159,199.892,4,electronic,2022-10-11,2022,day,ok
110773,7f9PFz2XCYECXLV0rARvwU,Ace Ventura;Pantomiman,Hello?,Hello? - Pantomiman Remix,28,461652,False,0.736,0.803,11,-6.93,1,0.0531,6.18e-05,0.802,0.375,0.185,146.985,4,trance,2021-07-02,2021,day,ok
49247,36rNyBl6nXW7Kx9DYua3XT,Zanger Kafke,1000 Man Dronken,1000 Man Dronken,27,168750,False,0.806,0.864,10,-5.106,1,0.151,0.0795,0.000244,0.0473,0.901,149.96,4,hardstyle,2021-09-17,2021,day,ok
66762,2JK2XwhCns1EnC4zT3falc,Blake Rules;Netherfriends,Kids Trap 15,Showing Love,8,104489,False,0.87,0.636,8,-10.163,1,0.0974,0.00697,0.00232,0.2,0.726,147.065,4,kids,2019-11-08,2019,day,ok
22162,0XtWpvgfM8ImPG5Y6a9te3,Dr. Acula,Slander,Cocaine Avalanche,28,197426,True,0.334,0.959,6,-3.975,0,0.317,0.00221,1.19e-05,0.333,0.106,132.549,4,death-metal,2011-02-15,2011,day,ok
51728,1dvlY1iYFNgO7SFWRGHB3x,Wisin & Yandel,Halloween 2022 Perreo Vol. 3,Pegao,1,234546,False,0.792,0.804,3,-4.752,1,0.259,0.537,0.0,0.342,0.807,96.041,4,hip-hop,2022-10-11,2022,day,ok
95847,0UWhu1zY8gsXQLbZViVkF3,Víctor Manuelle,Oro Salsero,Se Me Rompe el Alma,27,296933,False,0.51,0.875,1,-5.003,1,0.0616,0.347,5.16e-05,0.0189,0.758,95.692,4,salsa,1994,1994,year,ok
27687,20vvixeUnO9OcQh9gqIhc5,Dom & Roland;Klute;Technical Itch,Dom & Roland Productions: Remix Album,Maximus - Technical Itch Remix,16,457240,False,0.379,0.939,11,-5.762,1,0.0878,0.00291,0.8,0.365,0.0819,171.877,4,drum-and-bass,2014-10-13,2014,day,ok
11833,3jX7WFixnEvO2EMYcbE5ut,Gustav Holst;North Texas Wind Symphony;Eugene Migliaro Corporon,Composer's Collection: Gustav Holst,"Second Suite in F Major, Op. 28 No. 2, H. 106: II. Song Without Words ""I'll Love My Love""",29,151586,False,0.171,0.0115,0,-26.859,0,0.0461,0.993,0.943,0.0832,0.0712,62.911,4,british,2006-01-01,2006,day,ok
8074,3e95Yjkzhw8oR2pR1BPQpI,Ella Fitzgerald,Chill Christmas Dinner,The Secret Of Christmas,0,168146,False,0.258,0.175,0,-11.903,1,0.0323,0.939,0.000156,0.136,0.107,89.072,3,blues,2022-10-17,2022,day,ok
5772,7qv5uwCfPLt18OcGQSHmi1,Kato,Naruto Vibes,Man of the World,42,106484,False,0.456,0.469,2,-7.838,0,0.0339,0.143,0.936,0.212,0.106,120.045,4,anime,2020-12-11,2020,day,ok
35152,3Icm34joOyDhzBoyaqthtK,Danieze Santiago;Devinho Novaes,Alô,Alô,44,139113,False,0.81,0.701,11,-4.531,0,0.033,0.544,0.0,0.152,0.695,127.994,4,forro,2021-12-31,2021,day,ok
30578,2mEHyRXGIPArlWSDkIqujW,Zaeden,Genesis 1:1,days,47,150000,False,0.811,0.499,7,-9.37,1,0.0589,0.255,0.00478,0.189,0.373,144.028,4,edm,2021-07-02,2021,day,ok
52539,76ISgVglOIcgBYjK1fxmu4,Hank Williams,The Complete Hank Williams,Rockin' Chair Money,12,125200,False,0.448,0.274,11,-12.146,1,0.032,0.953,0.0,0.615,0.592,162.698,3,honky-tonk,1998-09-22,1998,day,ok
76602,6qO260PuQGnxCQ4SRrSi6M,Bernward Koch,Walking through Clouds,Touched by Love,50,202853,False,0.153,0.0555,9,-19.488,1,0.0351,0.978,0.953,0.121,0.0618,71.912,4,opera,2005-08-02,2005,day,ok
59632,1xMkTSgZIZAnsu6a5yqudq,TarantisT,Distorted Brains,The Hell You Made,0,197434,False,0.415,0.972,11,-5.446,1,0.0716,0.00448,0.146,0.339,0.588,169.981,4,iranian,2010-01-25,2010,day,ok
28326,0h2ZSu1j6YFsGj85eSyrI4,Crankdat;Bandlez,Ground Shake,Ground Shake,49,185379,False,0.63,0.984,11,-2.187,1,0.0658,0.000666,0.00804,0.163,0.214,145.074,4,dub,2022-10-07,2022,day,ok
42119,5KxtwVS3jtbL5A51497yKs,His Hero Is Gone,The Plot Sickens,Disinformation Age,17,104412,False,0.133,0.856,1,-13.406,0,0.0974,5.89e-06,0.933,0.108,0.336,178.442,4,grindcore,1998-03-01,1998,day,ok
56856,3qk4wRMDlaeagZGjSYbsOV,G-Eazy;Charlie Puth,The Beautiful & Damned,Sober,57,203960,True,0.558,0.766,6,-5.953,0,0.231,0.263,0.0,0.32,0.182,96.281,4,indie-pop,2017-12-15,2017,day,ok
99139,7ujmpF0vCLlFJJBPmiFXQR,Bryan Adams,Christmas Songs 2022,Christmas Time,1,243057,False,0.503,0.582,0,-4.324,1,0.0253,0.472,0.0,0.103,0.326,77.321,4,singer-songwriter,2022-10-07,2022,day,ok
94243,6ysshFBw6i9g5kTwzZrYG7,Porsche Love,"Love, Porsche: The Complete Experience",Where You Are,41,137708,True,0.51,0.684,4,-8.953,1,0.0394,0.541,0.0,0.156,0.564,158.056,4,sad,2022-02-06,2022,day,ok
29331,4r9qyANhnnv7q2ENG2ggre,Trivecta;Jay Mason,Sail Away (feat. Jay Mason),Sail Away (feat. Jay Mason),41,252200,False,0.308,0.727,7,-4.815,1,0.0475,0.0179,0.0,0.417,0.282,150.059,4,dubstep,2022-02-18,2022,day,ok
93298,0gmV4mbtJsmveGlVAdLGho,Nikolai Erdenko;Nikolai Erdenko Gypsy Band,The Famous Songs of Russian Gypsies,"Oj, rucheek, rucheek (A Brook): Rucheek (A Brook)",1,153280,False,0.36,0.815,2,-12.779,1,0.146,0.46,0.0,0.365,0.439,122.176,4,romance,2011-10-04,2011,day,ok
103790,5p9IGH0xpbhJI9d8YWJe47,The Drifters,Thanksgiving Party,Sweets for My Sweet,0,147146,False,0.772,0.81,0,-7.602,1,0.0322,0.687,2.42e-06,0.097,0.971,119.883,4,soul,2022-10-14,2022,day,ok
113631,17ierdILmXjF0ylXJilXS7,Mc_team,Frecuencias Curativas Solfeggio 369 Hz,396 Hz Destruye Bloqueos Inconscientes,25,236968,False,0.166,0.00892,5,-32.364,0,0.0514,0.988,0.955,0.0918,0.0929,130.205,4,world-music,2022-04-25,2022,day,ok
616,7pxbZ29k1LJXvOdd2e5Bdn,Us The Duo,Shotgun,Shotgun,45,174884,False,0.806,0.263,5,-10.43,1,0.0502,0.787,0.0,0.182,0.868,115.854,4,acoustic,2019-05-19,2019,day,ok
54505,78Y5gncYyYy9z1fEHRECBu,arai tasuku;World's End Girlfriend,0,0 (Remixed by world's end girlfriend),10,438000,False,0.331,0.597,3,-9.267,1,0.106,0.831,0.204,0.119,0.198,112.511,4,idm,2018-12-05,2018,day,ok
651,7wiULYwv85WeChygucbpTF,Boyce Avenue,Careless Whisper,Careless Whisper,46,247805,False,0.698,0.389,2,-6.246,0,0.0321,0.885,0.0,0.136,0.704,76.897,4,acoustic,2020-10-09,2020,day,ok
108994,2NaxRs7pLcqhyQg5HMU7sm,Osvaldo Pugliese,From Argentina To The World,Emancipación - Instrumental,15,204466,False,0.621,0.221,9,-12.15,0,0.0658,0.875,0.009,0.0851,0.532,119.132,4,tango,1996-01-01,1996,day,ok
28624,6DfESv6z9PPLo1RhbzlVIb,Koven,All We Needed,All We Needed,49,241600,False,0.482,0.789,1,-5.945,0,0.0486,0.00577,0.00173,0.11,0.263,149.991,4,dub,2022-07-22,2022,day,ok
49161,5wsET7UzdeLwvTkAkVytut,Neolux,Infinity,Infinity,49,187341,False,0.467,0.981,1,-3.37,0,0.0485,0.0053,0.898,0.222,0.609,149.955,4,hardstyle,2019-05-10,2019,day,ok
15502,58dSdjfEYNSxte1aNVxuNf,Mac Ayres,Drive Slow,Easy,67,314357,False,0.722,0.282,5,-7.484,1,0.106,0.373,0.00557,0.147,0.217,91.367,4,chill,2017-08-11,2017,day,ok
67856,1TRnIxwWeJoE6MVimzjw2w,Ozuna;Danny Ocean,OzuTochi,4:22,63,193360,False,0.771,0.727,1,-4.285,0,0.0416,0.0205,4.54e-06,0.291,0.649,104.035,4,latin,2022-10-07,2022,day,ok
63760,2kk8L2MStsZ0tYLPkDrL64,GReeeeN,あっ、ども。おひさしぶりです。,地球号,32,241213,False,0.714,0.879,8,-4.605,1,0.0542,0.00914,6.78e-06,0.106,0.752,110.036,4,j-rock,2008-01-01,2008,day,ok
84870,7zRmGvtSy36Jr19U5OInJT,The Beatles,1 (Remastered),Yellow Submarine - Remastered 2015,54,158800,False,0.66,0.557,1,-9.597,1,0.03,0.158,0.0,0.543,0.788,110.743,4,psych-rock,2000-11-13,2000,day,ok
40175,7fpvwvVR2zhNaWUAUDXznF,Marcelo Markes,Melhor Lugar: Sessão Acústica,Melhor Lugar: Sessão Acústica,46,252874,False,0.335,0.298,8,-12.329,0,0.0328,0.859,0.00183,0.109,0.105,126.957,4,gospel,2020-11-03,2020,day,ok
95615,6RYEaMxLgyopcSMR98exqu,Antonio y Joel Con Labranza,Mi Canto,Que Estes Presente,30,225870,False,0.461,0.706,6,-5.863,1,0.103,0.536,1.1e-06,0.0506,0.842,163.691,4,salsa,2015-04-30,2015,day,ok
113900,5lORa4H99zsSobiyanlsgk,Jason Upton,Remember,Fly,41,777866,False,0.237,0.161,2,-12.265,1,0.0326,0.778,0.00358,0.182,0.0812,104.997,4,world-music,2003-10-10,2003,day,ok
70403,2Wew8zqBUtIXwZnxpIHdSf,No Party For Cao Dong,還願(遊戲原聲帶),還願,44,225194,False,0.502,0.202,7,-12.303,0,0.0347,0.359,0.0216,0.167,0.158,109.111,4,mandopop,2019-02-22,2019,day,ok
9249,2vfZqjFC0QsRMewYWAiY9Y,Kid Abelha,Só as Melhores do Pop Rock Brasileiro,Lágrimas e chuva,0,273426,False,0.706,0.8,9,-9.421,0,0.0516,0.0332,0.037,0.0488,0.725,122.396,4,brazil,2022-10-07,2022,day,ok
34569,6Zz5CiVpQk2Fz2nV8m3YQm,The Lumineers,Cleopatra,Angela,60,201785,False,0.668,0.563,4,-8.23,1,0.0305,0.649,0.000347,0.11,0.289,130.366,4,folk,2016-04-08,2016,day,ok
5096,6rsbsdiGDrYvhbb1K7ziTL,Linked Horizon,Guren no Yumiya Tv Size Ver.,Guren no Yumiya Tv Size Ver.,59,94283,False,0.494,0.91,1,-6.016,0,0.0479,0.561,1.13e-06,0.107,0.507,90.447,4,anime,2013,2013,year,ok
98012,0HT6xI2MTQ7qk4yNA1IZUd,Auli'i Cravalho,Disney Summer Songs,"How Far I'll Go - From ""Moana""/Soundtrack Version",66,163386,False,0.537,0.307,4,-10.967,1,0.0545,0.649,0.0,0.177,0.114,83.632,4,show-tunes,2021-05-28,2021,day,ok
94537,4ahdel2ygLNWN47cDexfwt,Ouse,You Make It Worse,You Make It Worse,47,181178,True,0.808,0.462,0,-11.588,1,0.0622,0.444,0.0,0.111,0.393,105.042,4,sad,2019-12-25,2019,day,ok
42901,1uwjBrZMmwBwTaFBUykRYf,Painkiller,Buried Secrets,Tortured Souls,11,113226,False,0.241,0.657,4,-10.225,0,0.0826,0.000458,0.7,0.49,0.19,118.585,5,grindcore,1992,1992,year,ok
68581,1UTdSl8RRxiYSfv9v0tdhL,"Héctor ""El Father""",Perreo Tenebroso Vol. 1,Voy Subiendo,0,256893,False,0.75,0.916,7,-4.773,1,0.214,0.0566,0.000458,0.175,0.505,92.004,4,latino,2022-10-21,2022,day,ok
54988,3Ws4h8IcE1VJHWebd1Awjo,Proem,Socially Inept,Socially Inept,8,245386,False,0.186,0.573,0,-19.173,1,0.192,0.496,0.896,0.102,0.0731,90.056,3,idm,2004-01-01,2004,day,ok
103083,2fU4JsAoRiOam2azK907yb,Stevie Wonder,Halloween 2022,Superstition - Single Version,0,244826,False,0.637,0.745,8,-8.607,1,0.0748,0.0173,0.000554,0.0372,0.859,100.384,4,soul,2022-10-20,2022,day,ok
47648,0ClmF8tkpuySXLJHspUoKT,Charlie Brown Jr.,Camisa 10 joga bola até na chuva,Camisa 10 joga bola até na chuva (Bomba Sonica),38,189840,False,0.591,0.944,10,-3.993,0,0.0585,0.128,0.0,0.0891,0.96,91.991,4,hard-rock,2009-09-16,2009,day,ok
79173,3r9m79pHykbs4FrCXlq1oO,Skylar Grey;Polo G;Mozzy;Eminem,"Last One Standing (feat. Polo G, Mozzy & Eminem) [From Venom: Let There Be Carnage]","Last One Standing (feat. Polo G, Mozzy & Eminem) - From Venom: Let There Be Carnage",54,258678,True,0.585,0.714,1,-4.117,0,0.116,0.25,0.0,0.0556,0.227,103.051,5,piano,2021-10-05,2021,day,ok
44284,42et6fnHCw1HIPSrdPprMl,Third Eye Blind,Third Eye Blind,Semi-Charmed Life,75,268360,False,0.64,0.864,7,-6.576,1,0.0314,0.00832,0.0,0.123,0.701,102.026,4,grunge,1997-04-08,1997,day,ok
25077,2ssl3oeVptDKx5PY59Sbm2,Womack & Womack,Best of 80s,Teardrops,49,230840,False,0.877,0.808,11,-7.502,1,0.0401,0.0426,0.248,0.119,0.966,133.237,4,disco,2021-01-15,2021,day,ok
6767,7FCywPUtOExT6UHSOWjTDg,Triptykon,Eparistera Daimones,In Shrouds Decayed,17,415933,False,0.487,0.456,9,-7.037,1,0.0349,0.00663,0.00962,0.119,0.037,118.035,4,black-metal,2010-07-13,2010,day,ok
44317,3WYAOSW2hvfr07Ww4xLrn1,Linkin Park,Minutes to Midnight (Deluxe Edition),Given Up,44,189338,True,0.642,0.873,4,-4.68,0,0.0449,0.00119,0.000142,0.0432,0.923,100.056,4,grunge,2007-05-14,2007,day,ok
65653,3thIARBf9vzQXQYuaOf8Wd,Jubin Nautiyal;Rocky - Shiv,Chitthi,Chitthi,47,229912,False,0.729,0.52,5,-6.586,0,0.0258,0.562,0.000893,0.101,0.458,114.973,4,k-pop,2019-03-06,2019,day,ok
47944,2uJX5IvgQ95pabLdVXz7oK,Charlie Brown Jr.,Imunidade Musical,Onde Esta O Mundo Bom? (Living L.A.),34,143800,False,0.55,0.992,10,-3.154,0,0.0589,0.0209,0.000511,0.29,0.666,112.11,4,hard-rock,2005-01-01,2005,day,ok
59545,3fn5nVOqcpE92sl6XBlT3O,Kiawasch Sahebnassagh;Amirhosein Allah Yari,Forty Poems To Kharaghan,Rubai 1 To 5,0,371626,False,0.358,0.149,0,-19.512,1,0.0399,0.777,0.00711,0.11,0.113,131.267,4,iranian,2022-02-04,2022,day,ok
80181,43YkTTlOD203o9E5ZxhUjF,Arijit Singh,Arijit Singh Broken Strings,"Main Dhoondne Ko Zamaane Mein (From ""Heartless"")",66,262986,False,0.329,0.45,2,-6.312,0,0.0405,0.594,0.0,0.13,0.284,80.095,4,pop-film,2019-04-24,2019,day,ok
28559,3dApO0DoZinSPrKKPhoKuz,Kayzo;OST,Liar (with OST),Liar (with OST),51,296250,False,0.49,0.964,3,-0.332,0,0.31,0.0292,0.0,0.168,0.416,127.886,4,dub,2020-10-30,2020,day,ok
